vendor_number,vendor_name,country,city
VEND00001,Taylor-Martin Suppliers,EG,Jenniferberg
VEND00002,Owens-Schmidt Suppliers,BI,North Kevin
VEND00003,"Bradford, Hobbs and Norton Suppliers",TM,Port Dustin
VEND00004,Richardson-Smith Suppliers,GB,Housefurt
VEND00005,Gibson LLC Suppliers,MC,West Bethanybury
VEND00006,Henderson-Smith Suppliers,AE,New Sarah
VEND00007,Waller-Brown Suppliers,TL,North Jeremy
VEND00008,Taylor PLC Suppliers,IQ,Lake Laurie
VEND00009,Lewis-Mcgrath Suppliers,IQ,West Erictown
VEND00010,Small PLC Suppliers,SM,Thomasmouth
VEND00011,Jackson PLC Suppliers,LK,Kevinland
VEND00012,"Norton, Hicks and Vaughn Suppliers",PA,South Kristineburgh
VEND00013,"Baker, Torres and Myers Suppliers",BY,Port Jordanport
VEND00014,Brown Ltd Suppliers,TO,East Charles
VEND00015,Schwartz Ltd Suppliers,BT,Watsontown
VEND00016,"Garcia, Smith and Rios Suppliers",EE,Cobbmouth
VEND00017,"Sanchez, Woodard and Burke Suppliers",MZ,Ingramland
VEND00018,Barrett-Reynolds Suppliers,FI,East James
VEND00019,Perez Ltd Suppliers,JP,Morrisstad
VEND00020,King-Page Suppliers,HT,Howellmouth
VEND00021,Morrison Group Suppliers,LA,Amystad
VEND00022,Perez and Sons Suppliers,TM,Lake Stephen
VEND00023,Harris-Carey Suppliers,CI,West Mariah
VEND00024,Dawson-Le Suppliers,BZ,Woodchester
VEND00025,Nguyen-Kelly Suppliers,BZ,Robertchester
VEND00026,Oliver Inc Suppliers,HR,Amandaport
VEND00027,Greene PLC Suppliers,RW,South Chadview
VEND00028,"Miller, Williams and Barton Suppliers",MW,Lake Jeffrey
VEND00029,Stevenson and Sons Suppliers,VN,West Christie
VEND00030,"Hernandez, Smith and Salas Suppliers",MG,Ruthview
VEND00031,Jones and Sons Suppliers,ZA,Port Elizabeth
VEND00032,Anderson Ltd Suppliers,PY,South Amyberg
VEND00033,Allen PLC Suppliers,AM,East Michaelview
VEND00034,Henderson Inc Suppliers,BJ,New Heatherburgh
VEND00035,Duran PLC Suppliers,KH,Port Andrestad
VEND00036,"Richard, Johnson and Garcia Suppliers",PE,Alexandriatown
VEND00037,"Davis, Calderon and Hoffman Suppliers",GW,Brownside
VEND00038,"Ward, White and Ellis Suppliers",MT,North Aliciastad
VEND00039,Johnson and Sons Suppliers,ZA,Romerochester
VEND00040,"Graham, Keller and Johnson Suppliers",CD,Lake Shelbystad
VEND00041,"Harvey, Ramirez and Paul Suppliers",DJ,East Elizabethview
VEND00042,"Harris, West and Smith Suppliers",VE,East Christianburgh
VEND00043,Mcclain and Sons Suppliers,SL,Kempburgh
VEND00044,Bell-Munoz Suppliers,GQ,South Melissafort
VEND00045,Campbell-Phillips Suppliers,TT,North Sarahstad
VEND00046,"Fisher, Chan and Jacobs Suppliers",HN,Donnaburgh
VEND00047,"Myers, Rodriguez and Brooks Suppliers",TL,Lake Sarahtown
VEND00048,Martinez-Price Suppliers,PL,Mckayshire
VEND00049,"Miranda, Black and Haynes Suppliers",DJ,Lake Christophershire
VEND00050,Jones-Hanson Suppliers,GQ,North Matthew
VEND00051,Combs and Sons Suppliers,CI,Lake Lisa
VEND00052,"Donaldson, Moss and Tate Suppliers",NZ,Kaylaport
VEND00053,"Macdonald, Ochoa and Wilson Suppliers",RU,Brandonmouth
VEND00054,Scott LLC Suppliers,MX,Wuberg
VEND00055,Vaughan Inc Suppliers,MH,Walshmouth
VEND00056,"Greene, King and Castro Suppliers",LT,Johnsonfort
VEND00057,"Padilla, Cochran and Jackson Suppliers",KH,New Scottside
VEND00058,Ochoa-Richardson Suppliers,BB,Chadburgh
VEND00059,"Edwards, Good and Adams Suppliers",MZ,Kimberlystad
VEND00060,Walker and Sons Suppliers,GE,Lake Normamouth
VEND00061,"Johnson, Green and Martinez Suppliers",CN,Clarkeshire
VEND00062,"Lawson, Savage and Murphy Suppliers",DM,Younghaven
VEND00063,"Williams, Allen and Luna Suppliers",GB,West Stephanie
VEND00064,Key Inc Suppliers,IT,East Breannabury
VEND00065,Spence-Smith Suppliers,CL,West Christopherberg
VEND00066,"Wilson, Rodriguez and Fernandez Suppliers",FI,West Timothy
VEND00067,Turner-Moreno Suppliers,FR,Susanfurt
VEND00068,Erickson-Anderson Suppliers,MC,Lake Robertstad
VEND00069,"Smith, Williams and Barnes Suppliers",AD,South Patricia
VEND00070,Lee-Garcia Suppliers,MT,West Kathleenton
VEND00071,Taylor PLC Suppliers,MC,West Jacobshire
VEND00072,"Thomas, Moon and Matthews Suppliers",PA,South Sherimouth
VEND00073,Davis PLC Suppliers,NA,Rojasstad
VEND00074,Wright-Evans Suppliers,BH,Port Michaelside
VEND00075,Cruz Inc Suppliers,SM,Port Matthew
VEND00076,"Brown, Oneill and Smith Suppliers",NZ,Gloverchester
VEND00077,Kennedy-Smith Suppliers,LA,Henryfort
VEND00078,Rojas-Murphy Suppliers,SD,Shellyburgh
VEND00079,"Munoz, Ryan and Charles Suppliers",IS,Daniellechester
VEND00080,Garner PLC Suppliers,TW,Sonyamouth
VEND00081,"Smith, Collins and Lewis Suppliers",KW,New Kylemouth
VEND00082,Horn LLC Suppliers,IR,Taylorstad
VEND00083,Perez and Sons Suppliers,PH,North Jamesstad
VEND00084,Wilson-Harmon Suppliers,PL,Priceburgh
VEND00085,Leon-Perez Suppliers,UG,New Emilytown
VEND00086,"Mason, Hines and Johnson Suppliers",GA,Serranoport
VEND00087,Wood-Washington Suppliers,JP,Cervantesville
VEND00088,Bray and Sons Suppliers,UG,North Patricia
VEND00089,Moran Group Suppliers,RU,Lake Sarahchester
VEND00090,"Jones, Ingram and Alexander Suppliers",SE,North Keith
VEND00091,"Smith, Kerr and Hunter Suppliers",LC,East Antonioside
VEND00092,"Rose, Long and Carter Suppliers",KP,Kristinville
VEND00093,Powell-Bell Suppliers,SK,Garciatown
VEND00094,Dunn-Lee Suppliers,AF,Lake Johnfurt
VEND00095,"Ellis, Taylor and Dudley Suppliers",MY,West Douglas
VEND00096,Abbott PLC Suppliers,BE,Michaelberg
VEND00097,"Rodriguez, Alexander and Perez Suppliers",ER,South Jamesbury
VEND00098,"Hernandez, Robertson and Freeman Suppliers",KN,North Katherineburgh
VEND00099,Graham LLC Suppliers,GR,Gregoryberg
VEND00100,Green-Gibson Suppliers,DZ,Turnerchester
VEND00101,Schmidt Inc Suppliers,HU,South Robert
VEND00102,"Dominguez, Zimmerman and Robbins Suppliers",ZM,North Brian
VEND00103,Williams-Johnson Suppliers,JP,Reesemouth
VEND00104,Miller Inc Suppliers,GY,Grayside
VEND00105,Harris-Peterson Suppliers,IT,South Andrewbury
VEND00106,Clark-Sullivan Suppliers,IT,Lake Denise
VEND00107,Wolfe-Stein Suppliers,CO,Paulstad
VEND00108,"Kelly, Lindsey and Collins Suppliers",MW,Deanbury
VEND00109,"Collier, Armstrong and Marshall Suppliers",GW,Wisechester
VEND00110,Graham-Bowman Suppliers,SR,Christinafurt
VEND00111,Allison LLC Suppliers,GR,Derekview
VEND00112,"Watkins, Burke and Garcia Suppliers",KZ,South Donaldland
VEND00113,Smith-Lee Suppliers,TN,Lake Scott
VEND00114,"Marquez, Brooks and Long Suppliers",GD,East Christina
VEND00115,Day Inc Suppliers,VU,New Phillipmouth
VEND00116,"Bradley, Harris and Quinn Suppliers",BY,Dunnberg
VEND00117,Sanchez Group Suppliers,LY,Tammyfurt
VEND00118,Herrera Group Suppliers,GA,Port Tiffanyfort
VEND00119,Medina Group Suppliers,SE,Lake Luke
VEND00120,"Lawson, Shaffer and Ayala Suppliers",MR,East Dustin
VEND00121,Hill-Williams Suppliers,ML,North Ricky
VEND00122,Garcia PLC Suppliers,TW,North John
VEND00123,Chase-Simmons Suppliers,SA,New Michaelbury
VEND00124,"Payne, Jones and Williams Suppliers",HR,South Margaret
VEND00125,"Jones, Stevens and Newman Suppliers",TR,South Bobby
VEND00126,Bolton Ltd Suppliers,LK,New Xavier
VEND00127,Mendez Ltd Suppliers,AG,Conleyland
VEND00128,Hernandez-Spencer Suppliers,GM,New Annaport
VEND00129,"Smith, Mcintyre and Thompson Suppliers",DJ,South Glendachester
VEND00130,Hanson-Miller Suppliers,DK,South Lisa
VEND00131,Odonnell LLC Suppliers,AG,West Miguel
VEND00132,Moore LLC Suppliers,UZ,Caitlinport
VEND00133,"Mclean, Hebert and Stone Suppliers",IQ,East Misty
VEND00134,"Cook, Evans and King Suppliers",IR,New Nicholas
VEND00135,Salas-Lambert Suppliers,LY,North Benjaminville
VEND00136,"Lamb, Daniels and Moore Suppliers",LY,Mariabury
VEND00137,Lee-Olsen Suppliers,IN,Brownfurt
VEND00138,Neal-Walsh Suppliers,BI,South Joanstad
VEND00139,Clark-Cole Suppliers,MD,New Raymond
VEND00140,"Brooks, Webb and Rogers Suppliers",SG,New Joshua
VEND00141,Good-Calhoun Suppliers,SE,Bakermouth
VEND00142,Singh Group Suppliers,MZ,New Peterland
VEND00143,Wilson Ltd Suppliers,AT,Jennachester
VEND00144,"Meyer, Hamilton and Williams Suppliers",GT,South Kimberly
VEND00145,"Harrell, Phillips and Mccormick Suppliers",AU,Robertchester
VEND00146,Miller Inc Suppliers,ZM,Olsentown
VEND00147,"Morales, Hooper and Phelps Suppliers",SR,Frankchester
VEND00148,"Franklin, Smith and Ball Suppliers",FM,North Jessica
VEND00149,"Clark, Acosta and Cruz Suppliers",SY,Braystad
VEND00150,Burnett-Shelton Suppliers,LB,Moniqueberg
VEND00151,Hess-Stokes Suppliers,AD,Lake James
VEND00152,"Wise, Buchanan and Clark Suppliers",NA,Marymouth
VEND00153,Weaver-Durham Suppliers,BH,East Adamton
VEND00154,Castro Ltd Suppliers,CL,Port Kimberlybury
VEND00155,"Mckenzie, Villanueva and Rodriguez Suppliers",AR,Patelfurt
VEND00156,Palmer Group Suppliers,SO,Markberg
VEND00157,Galloway Inc Suppliers,GB,Ronaldfort
VEND00158,Reyes and Sons Suppliers,BB,Stuartburgh
VEND00159,"Callahan, Bell and Walters Suppliers",PG,Carmenshire
VEND00160,Potter-Ewing Suppliers,SY,Lake Sonia
VEND00161,Ramirez-Ellis Suppliers,TD,Lake Carlashire
VEND00162,"Holder, Flores and Bush Suppliers",DK,Browningland
VEND00163,"Dudley, Barrett and Webb Suppliers",JP,Johnsonville
VEND00164,Jordan-Sutton Suppliers,LV,New Charlesport
VEND00165,"Adams, Garcia and Herrera Suppliers",TG,North Christopherview
VEND00166,"Benson, Lawson and Crawford Suppliers",BI,Lake Amanda
VEND00167,George and Sons Suppliers,YE,Anthonychester
VEND00168,Thomas-Mercado Suppliers,BR,Amytown
VEND00169,Rodriguez-Guzman Suppliers,PS,West Jocelynland
VEND00170,Anderson-Allen Suppliers,TL,Pennyside
VEND00171,Ferguson-Weiss Suppliers,CU,South Tonya
VEND00172,Lee and Sons Suppliers,PA,East Alfredport
VEND00173,Ballard-Gould Suppliers,IR,South Mike
VEND00174,Smith-Randall Suppliers,IR,North Abigail
VEND00175,Conner Group Suppliers,KG,Randyton
VEND00176,Stevens-White Suppliers,CH,Lake Jamiefurt
VEND00177,"Roach, Woods and Hernandez Suppliers",VA,New Austintown
VEND00178,Smith-Hansen Suppliers,NI,Port Emilymouth
VEND00179,"Fox, Brock and Alvarado Suppliers",BT,New Ricky
VEND00180,White-Johnson Suppliers,TW,Patriciaport
VEND00181,"Contreras, Collier and Hurst Suppliers",PT,Ericamouth
VEND00182,Allen Ltd Suppliers,BB,Salazarfurt
VEND00183,Fleming PLC Suppliers,AF,Haleview
VEND00184,Mckinney Group Suppliers,VC,Lake Jasontown
VEND00185,Berry Group Suppliers,BA,Holdenland
VEND00186,Proctor-Mendoza Suppliers,MR,Westmouth
VEND00187,Joseph Inc Suppliers,SB,Sharonland
VEND00188,Rios-Wong Suppliers,BF,Stephaniefort
VEND00189,Sanford-Palmer Suppliers,SA,Joechester
VEND00190,Johnson Ltd Suppliers,PT,Ericmouth
VEND00191,Bailey Group Suppliers,NZ,Riveramouth
VEND00192,Barnes PLC Suppliers,TN,South Janicehaven
VEND00193,"Roach, Torres and Nelson Suppliers",MV,West Jennifer
VEND00194,"Lee, Ayers and Campbell Suppliers",MY,Oneillshire
VEND00195,"Hood, Harris and Smith Suppliers",CR,New Jennifer
VEND00196,Murray PLC Suppliers,VU,Phillipton
VEND00197,"Holt, Hernandez and Roberts Suppliers",AL,East Felicia
VEND00198,"Bryant, Ward and Andrade Suppliers",ID,Goodmanport
VEND00199,Nichols Group Suppliers,KE,Ashleyside
VEND00200,Whitaker PLC Suppliers,DK,Port Stephanieview
VEND00201,Williams PLC Suppliers,MU,Port Laurafort
VEND00202,Woods and Sons Suppliers,GR,South Andrewberg
VEND00203,Luna-Nielsen Suppliers,RS,Phillipfort
VEND00204,Sherman Inc Suppliers,FR,Lake Jacquelineville
VEND00205,Brown-Hamilton Suppliers,SK,Thomasfurt
VEND00206,Vance PLC Suppliers,BS,Kathleenborough
VEND00207,"Martinez, Middleton and Jackson Suppliers",LT,Ryanport
VEND00208,Johnson-Garcia Suppliers,AT,West Rhonda
VEND00209,Lynn Inc Suppliers,CD,Willismouth
VEND00210,"Morton, Kelly and Fields Suppliers",PT,Nicoleside
VEND00211,"Pennington, Cox and Schwartz Suppliers",LS,Michaelville
VEND00212,"Williams, Sosa and Garza Suppliers",HU,South Jeffery
VEND00213,Luna LLC Suppliers,LV,Davischester
VEND00214,"Perry, Brown and Conner Suppliers",VN,West Diana
VEND00215,Ho-Rhodes Suppliers,DM,Allenberg
VEND00216,Bailey PLC Suppliers,ZM,Kellibury
VEND00217,Fisher-Johnson Suppliers,GQ,East Douglas
VEND00218,Strickland-Rice Suppliers,GR,Rodneymouth
VEND00219,Owens LLC Suppliers,KM,Martinfurt
VEND00220,Kelly-May Suppliers,CG,Lake Stephen
VEND00221,Martin-Erickson Suppliers,CR,Lake Corey
VEND00222,"Estrada, Brock and Terrell Suppliers",PS,North Adammouth
VEND00223,Barber Inc Suppliers,CR,Lake Michele
VEND00224,Larson-Valenzuela Suppliers,SD,West Jeremyberg
VEND00225,Baker PLC Suppliers,NR,South David
VEND00226,Hill Inc Suppliers,SA,East Hollybury
VEND00227,Fowler and Sons Suppliers,GN,Lake Anthonychester
VEND00228,Franklin Inc Suppliers,NO,East Jamesburgh
VEND00229,"Roberts, Castillo and Quinn Suppliers",KW,Ginafort
VEND00230,"Davis, Wright and Smith Suppliers",MA,Lake Michael
VEND00231,Roberts-Luna Suppliers,GR,West Omarmouth
VEND00232,Kim-Jackson Suppliers,BA,Kellyview
VEND00233,Garcia-Jones Suppliers,MR,East Sonya
VEND00234,Brown-Hoover Suppliers,KZ,Lake Margaretberg
VEND00235,Burns-Williams Suppliers,CI,Calvinmouth
VEND00236,Smith PLC Suppliers,MM,Maryborough
VEND00237,Rivas-Vincent Suppliers,BT,Josephfort
VEND00238,Hughes PLC Suppliers,SA,New Ryanview
VEND00239,Rice LLC Suppliers,GY,North Benjaminburgh
VEND00240,Russell and Sons Suppliers,IR,Hurstburgh
VEND00241,"Jones, Jensen and White Suppliers",SN,Burtonview
VEND00242,Johnson LLC Suppliers,NL,West Jeffreymouth
VEND00243,"Stevenson, Sanchez and Porter Suppliers",BT,Danielport
VEND00244,Jensen Group Suppliers,TR,North Christian
VEND00245,Alvarez LLC Suppliers,PH,Willishaven
VEND00246,"Miller, Reed and Chandler Suppliers",KN,Barajasstad
VEND00247,Wilson-Black Suppliers,AD,South James
VEND00248,Rice-Williams Suppliers,HU,Port Ambershire
VEND00249,Thomas-Estes Suppliers,GB,Port Susanfurt
VEND00250,Johnson Ltd Suppliers,KE,Lake Michael
VEND00251,"Brown, Wise and Perez Suppliers",SE,Lake Eddieburgh
VEND00252,"Novak, Crawford and Parker Suppliers",MX,Franklinchester
VEND00253,Garcia and Sons Suppliers,WS,Port Jeffreyburgh
VEND00254,"Collins, Thompson and Ingram Suppliers",SO,South Julieton
VEND00255,Evans LLC Suppliers,AD,Singhburgh
VEND00256,"Ortiz, Wilson and Newman Suppliers",LU,East Brittany
VEND00257,Curtis LLC Suppliers,GB,Richardfurt
VEND00258,Johnson Inc Suppliers,BF,Russellton
VEND00259,Butler LLC Suppliers,GH,Port Kathryn
VEND00260,Morgan Ltd Suppliers,UG,Lake Michaelmouth
VEND00261,Knight PLC Suppliers,NZ,Armstrongfurt
VEND00262,Reyes LLC Suppliers,VN,Mcknightton
VEND00263,Jones Inc Suppliers,GT,Erichaven
VEND00264,"Johnson, Martinez and Martinez Suppliers",IT,Stevenschester
VEND00265,Gonzales PLC Suppliers,YE,Vanessashire
VEND00266,Gonzalez Ltd Suppliers,LU,Whitneytown
VEND00267,Nelson-Weaver Suppliers,BZ,Kingbury
VEND00268,"Gaines, Rogers and Sutton Suppliers",SV,Perkinsport
VEND00269,White-Ferrell Suppliers,WS,South Seanton
VEND00270,"Woods, Hinton and Kelly Suppliers",SK,Port Christine
VEND00271,"Gray, Wilkerson and Nguyen Suppliers",NA,Lake Jacquelineside
VEND00272,Hopkins and Sons Suppliers,KW,Santostown
VEND00273,"Robinson, Taylor and Martin Suppliers",CA,South Nicoleburgh
VEND00274,Ross Ltd Suppliers,PW,New Lisafurt
VEND00275,Fry Group Suppliers,RU,East Theresafurt
VEND00276,"Russell, Greene and Smith Suppliers",PL,Bryanport
VEND00277,Williams Group Suppliers,BF,Port Donna
VEND00278,Franklin-Davenport Suppliers,MM,Port Mollyville
VEND00279,"Pearson, Thompson and Aguilar Suppliers",CG,Lindaburgh
VEND00280,Hernandez-Daniel Suppliers,SR,Levineland
VEND00281,May and Sons Suppliers,BO,Lake Victoria
VEND00282,Levine-Galvan Suppliers,VA,New William
VEND00283,"Jones, Garcia and Smith Suppliers",SI,South James
VEND00284,"Herrera, Anderson and Powell Suppliers",CL,Susantown
VEND00285,"Clark, Curtis and Gonzalez Suppliers",MD,Melanieton
VEND00286,Long Inc Suppliers,SR,Holtburgh
VEND00287,"Hess, Byrd and Mendoza Suppliers",NP,Hollandton
VEND00288,King and Sons Suppliers,DO,Hintonton
VEND00289,"Hatfield, Johnson and Gonzalez Suppliers",NI,Rebeccaborough
VEND00290,Wilson Group Suppliers,PK,New Ethantown
VEND00291,Harrison and Sons Suppliers,CR,Diazmouth
VEND00292,"Davis, Stark and Sharp Suppliers",KI,Jonesborough
VEND00293,Wright and Sons Suppliers,GY,Garciafort
VEND00294,"Dominguez, Riley and Fisher Suppliers",MX,Shawnside
VEND00295,Wood-Parker Suppliers,MD,Tinatown
VEND00296,"Cline, Turner and Hobbs Suppliers",MC,South Moniquestad
VEND00297,Taylor-Patterson Suppliers,KP,New Lisa
VEND00298,Ross Ltd Suppliers,DM,Eddieton
VEND00299,"Singleton, Brown and Whitaker Suppliers",BJ,Lake Eddie
VEND00300,Stevenson Inc Suppliers,VN,Ashleyfort
VEND00301,"Garcia, Duran and Clarke Suppliers",LB,South Carolville
VEND00302,Wallace LLC Suppliers,LV,Santiagoburgh
VEND00303,Harris Ltd Suppliers,CI,Brandyborough
VEND00304,"Perkins, Crawford and Vargas Suppliers",CD,South Jennifershire
VEND00305,Brown-Clay Suppliers,MX,Port Teresashire
VEND00306,Cole LLC Suppliers,MH,East Cliffordview
VEND00307,Stevens Ltd Suppliers,KN,Reneestad
VEND00308,"Robinson, Ward and Barnett Suppliers",IE,Gibsonborough
VEND00309,"Olson, Campbell and Owens Suppliers",GA,North Debrastad
VEND00310,Miller and Sons Suppliers,GQ,Howellborough
VEND00311,"White, Rodriguez and Thompson Suppliers",MR,Lake Susanside
VEND00312,Rodriguez Ltd Suppliers,KZ,Christianstad
VEND00313,"Roberts, Romero and Stewart Suppliers",AT,Lake Elizabethville
VEND00314,Crane Ltd Suppliers,IR,Victoriafort
VEND00315,Moreno-King Suppliers,RU,North Derek
VEND00316,"Walton, Keith and Guzman Suppliers",GM,New Breannaport
VEND00317,"Johnson, Mclaughlin and Parker Suppliers",LC,North Paigeport
VEND00318,Leonard Inc Suppliers,BB,Connorville
VEND00319,Harris Inc Suppliers,WS,East Rebecca
VEND00320,Robertson-Smith Suppliers,AZ,West Thomas
VEND00321,"Carrillo, Hicks and Werner Suppliers",UG,South Christopher
VEND00322,Mendoza-Tucker Suppliers,GN,East Jaredland
VEND00323,Cooley-Brown Suppliers,AF,North Annaberg
VEND00324,"Ford, Morris and Moore Suppliers",PY,South Melissa
VEND00325,"Williams, Everett and Martin Suppliers",PH,Christystad
VEND00326,Woods-Patrick Suppliers,PG,South Lisashire
VEND00327,Burgess Inc Suppliers,ST,Gregoryview
VEND00328,Williamson LLC Suppliers,GW,North Aprilport
VEND00329,Harrington and Sons Suppliers,CF,Johnfurt
VEND00330,"Porter, Nelson and Fox Suppliers",EC,Bradshawton
VEND00331,Banks-Tran Suppliers,LS,New Shannonfurt
VEND00332,Adams-Williams Suppliers,ER,Sweeneyland
VEND00333,"Cummings, Tucker and Turner Suppliers",AE,Davidborough
VEND00334,Perry-Solis Suppliers,PK,West James
VEND00335,"Ferguson, Rodriguez and Koch Suppliers",CM,Hartberg
VEND00336,Frank-Gonzales Suppliers,AU,Raymondberg
VEND00337,Weaver-Wall Suppliers,SM,New Alexandra
VEND00338,"Vincent, Mcmahon and Stewart Suppliers",TN,Erinmouth
VEND00339,Turner-Richards Suppliers,PG,East Holly
VEND00340,Ellis LLC Suppliers,SZ,North Sandra
VEND00341,Thompson-Hicks Suppliers,PH,Baileymouth
VEND00342,Nicholson LLC Suppliers,TJ,South Michelle
VEND00343,Salinas-Johnson Suppliers,EC,Arianaview
VEND00344,Mathis LLC Suppliers,PE,North Shannonbury
VEND00345,"Wallace, Chavez and Garcia Suppliers",BS,Brooketown
VEND00346,"Castillo, Padilla and Franklin Suppliers",DJ,East Christopher
VEND00347,Gonzales Group Suppliers,UG,Sethstad
VEND00348,Monroe Inc Suppliers,GE,Lake Kristopherfort
VEND00349,Osborne and Sons Suppliers,SL,New Dawn
VEND00350,Hampton Inc Suppliers,LA,Holmesmouth
VEND00351,"Miller, Peters and Austin Suppliers",UG,Hernandezburgh
VEND00352,"Simpson, Stone and West Suppliers",UG,Gonzalezmouth
VEND00353,"Brown, Hale and Ellis Suppliers",MN,Shaffermouth
VEND00354,"Fuller, Haynes and Perez Suppliers",HR,South Rebeccaville
VEND00355,Griffin and Sons Suppliers,KN,New Gregoryhaven
VEND00356,"Braun, Bradley and Alexander Suppliers",AZ,Darleneland
VEND00357,Rodriguez Group Suppliers,NI,Port Amanda
VEND00358,Williams-James Suppliers,MK,Joshuahaven
VEND00359,Hull-Barnes Suppliers,VC,Lewismouth
VEND00360,Nicholson Inc Suppliers,BB,New Austin
VEND00361,Douglas-Wilkins Suppliers,SO,Nunezborough
VEND00362,Lopez Group Suppliers,BF,Port Laura
VEND00363,Villanueva-Sanchez Suppliers,FR,West Feliciafort
VEND00364,"Calderon, Adams and Humphrey Suppliers",SZ,Wellston
VEND00365,Horton Ltd Suppliers,AD,West John
VEND00366,Smith and Sons Suppliers,DE,Harperport
VEND00367,"Wells, Thomas and Willis Suppliers",JO,South Michaelmouth
VEND00368,"White, Brown and Burns Suppliers",LA,Bishopshire
VEND00369,Glenn Group Suppliers,AL,Port Emilyton
VEND00370,Smith and Sons Suppliers,VA,New Diana
VEND00371,"Morrison, Hall and Newton Suppliers",TM,Perezport
VEND00372,"Tucker, Keller and Garcia Suppliers",VN,Lake Lisaborough
VEND00373,Bennett Ltd Suppliers,NA,Port Lesliemouth
VEND00374,"Fleming, Boyd and Cox Suppliers",CF,Ericksonstad
VEND00375,Wilson-Pratt Suppliers,PE,Johnsonfort
VEND00376,Smith and Sons Suppliers,UY,Rebeccashire
VEND00377,Scott LLC Suppliers,ET,Jacquelineside
VEND00378,Contreras Group Suppliers,ZA,Burnsmouth
VEND00379,Brown Ltd Suppliers,PH,West Patriciachester
VEND00380,Le Inc Suppliers,TR,Port Kevin
VEND00381,"Graham, Lowe and Burke Suppliers",BE,Port Charlesberg
VEND00382,"Hartman, Carroll and Young Suppliers",KP,Sandraborough
VEND00383,"Hernandez, Hernandez and Stewart Suppliers",CR,Barnesville
VEND00384,"Ryan, Gay and Bradley Suppliers",TR,Boyerview
VEND00385,"Riley, Taylor and Fox Suppliers",TD,Port Juan
VEND00386,"Johnston, Carey and Wheeler Suppliers",BF,Baileytown
VEND00387,"Peters, Fritz and Sellers Suppliers",TD,Juarezville
VEND00388,Yates-Evans Suppliers,TN,North Brianville
VEND00389,Aguilar-Bernard Suppliers,LK,Brendanmouth
VEND00390,"Ryan, Rivers and Johnston Suppliers",TV,Corystad
VEND00391,"Mata, Lee and Williams Suppliers",TG,West Debbiemouth
VEND00392,Jones and Sons Suppliers,CM,West Brandon
VEND00393,Robinson Inc Suppliers,LV,Danielton
VEND00394,"Strickland, Smith and Dickerson Suppliers",CF,Susanfort
VEND00395,Maldonado LLC Suppliers,CY,North Conniemouth
VEND00396,Sweeney Group Suppliers,BN,Johnsonville
VEND00397,Andrews Ltd Suppliers,KZ,Port Charles
VEND00398,Taylor Inc Suppliers,ER,Leetown
VEND00399,Banks-Mcpherson Suppliers,SI,Kellymouth
VEND00400,Campbell Group Suppliers,CF,East Melissaton
VEND00401,"Smith, Johnson and Barber Suppliers",SD,Murraymouth
VEND00402,Kim PLC Suppliers,YE,New Michelletown
VEND00403,Wiley-Brown Suppliers,HT,South Andrewborough
VEND00404,Hill Inc Suppliers,TG,Parksland
VEND00405,Robertson Inc Suppliers,ZW,Cookberg
VEND00406,"Moore, Welch and Reyes Suppliers",IL,West Joshua
VEND00407,Dean-Fletcher Suppliers,LU,Lake David
VEND00408,"Ramirez, Cook and Armstrong Suppliers",SG,Nicholasside
VEND00409,Morton Group Suppliers,PY,Kathleenview
VEND00410,Rogers LLC Suppliers,BT,South Thomasport
VEND00411,Walker Group Suppliers,TV,Davidshire
VEND00412,Stevens-Schwartz Suppliers,HR,New Tamiport
VEND00413,"Zamora, Taylor and Barrett Suppliers",CN,West Angelaville
VEND00414,Beck-Olson Suppliers,UG,Millerland
VEND00415,"Hill, Hawkins and Acosta Suppliers",KG,New Rebecca
VEND00416,Foley Inc Suppliers,HR,New Timothy
VEND00417,"Webster, James and Valenzuela Suppliers",CF,North Kathyview
VEND00418,Miranda-Bailey Suppliers,VU,Paultown
VEND00419,Aguilar Inc Suppliers,DE,Coreyview
VEND00420,Mitchell Ltd Suppliers,UY,South Kimberlyfort
VEND00421,"Mitchell, Moore and Berger Suppliers",CR,Kellyhaven
VEND00422,Castillo Ltd Suppliers,SI,New Jessicaland
VEND00423,Mcconnell-Hernandez Suppliers,BR,Smithfurt
VEND00424,Ramirez-Myers Suppliers,SC,East Lori
VEND00425,Greene-Meyer Suppliers,GQ,West Danny
VEND00426,Jackson-Butler Suppliers,SE,Theresaville
VEND00427,Brown-Potter Suppliers,NE,Reginafort
VEND00428,"Mccall, Arroyo and Moreno Suppliers",GW,Jenniferland
VEND00429,White Inc Suppliers,ZA,Sharpbury
VEND00430,Russell and Sons Suppliers,FM,Port Jeremiahshire
VEND00431,Nichols Ltd Suppliers,GE,Johnshire
VEND00432,Stephenson LLC Suppliers,VU,Adamsport
VEND00433,Jenkins and Sons Suppliers,AR,Margaretstad
VEND00434,"Townsend, Guzman and Harris Suppliers",IQ,Fullerton
VEND00435,Griffin-Buchanan Suppliers,PL,Ashleybury
VEND00436,White-Moore Suppliers,ZM,South Gabrielfurt
VEND00437,Lowe-Doyle Suppliers,TL,Fryeshire
VEND00438,Scott-Dillon Suppliers,KG,Dylantown
VEND00439,"Vaughn, Rodriguez and Edwards Suppliers",TO,South Michael
VEND00440,Johnson-Nunez Suppliers,BG,Hahnville
VEND00441,Berg and Sons Suppliers,US,New Elizabethville
VEND00442,Garrison-Jones Suppliers,TL,New Gabrielmouth
VEND00443,Cowan PLC Suppliers,AF,North Jacquelinemouth
VEND00444,"Lindsey, Daniels and Leon Suppliers",MR,South Autumn
VEND00445,"Lee, Rivera and Fletcher Suppliers",TR,Floresfurt
VEND00446,"Mathews, Smith and Peterson Suppliers",LY,Port Tonychester
VEND00447,Murray-Peterson Suppliers,MH,Jamesview
VEND00448,"Webb, Garner and Hamilton Suppliers",CI,North Douglas
VEND00449,Peterson-Johnston Suppliers,KN,West John
VEND00450,Esparza and Sons Suppliers,IQ,Vaughnfort
VEND00451,Ray LLC Suppliers,SA,Suttonmouth
VEND00452,Zavala-Moore Suppliers,NI,Mooneyborough
VEND00453,Black-Bauer Suppliers,GY,Kaitlynchester
VEND00454,Mcintyre-Martinez Suppliers,IE,Perezberg
VEND00455,"Jackson, Todd and Ayala Suppliers",SV,Conleyshire
VEND00456,"Anderson, Shelton and Moore Suppliers",ML,Jerryhaven
VEND00457,Hernandez-Adams Suppliers,DJ,Calebfort
VEND00458,"Smith, Johnson and Macias Suppliers",SL,Michaelchester
VEND00459,Thompson and Sons Suppliers,TR,West Joseph
VEND00460,Young Ltd Suppliers,VC,Lake Raymondshire
VEND00461,Walker-Stewart Suppliers,BJ,East Katherineland
VEND00462,Washington-Anderson Suppliers,AG,Sweeneyland
VEND00463,"Walker, Allen and Powell Suppliers",SI,New Stephanie
VEND00464,Gilbert-Thompson Suppliers,NP,New Jamesport
VEND00465,Cox Ltd Suppliers,DO,Josephtown
VEND00466,"Lloyd, Young and Mccoy Suppliers",NP,New Janice
VEND00467,Mays LLC Suppliers,RS,New Elizabethland
VEND00468,Goodman-Williams Suppliers,CH,Katrinaberg
VEND00469,Morris and Sons Suppliers,KM,Lake Deborahfort
VEND00470,"Hayden, Richardson and Mason Suppliers",AO,North Richard
VEND00471,"Long, Garcia and Richards Suppliers",JO,Krystalbury
VEND00472,"Kennedy, Weaver and Roth Suppliers",SY,Adamborough
VEND00473,Gray Inc Suppliers,KW,East Sarah
VEND00474,"Wood, Cummings and Yoder Suppliers",ML,Morrisontown
VEND00475,Solis-Green Suppliers,ZA,West Ricardoburgh
VEND00476,"Stone, Gomez and Fox Suppliers",UA,North Brandy
VEND00477,"Baker, Rowe and Miller Suppliers",HN,East Sarahmouth
VEND00478,Brewer-Ward Suppliers,UZ,East Elizabeth
VEND00479,Vazquez-Aguilar Suppliers,FI,Hudsonmouth
VEND00480,Carrillo-Key Suppliers,LK,North Brenda
VEND00481,"Turner, Hays and Cooley Suppliers",PL,Aliciaside
VEND00482,Richardson-Smith Suppliers,SK,New Richardtown
VEND00483,"Torres, Osborne and Leonard Suppliers",SO,Port Tina
VEND00484,Howard and Sons Suppliers,SO,Portershire
VEND00485,"Gomez, Rogers and Woodward Suppliers",RS,South Nicoleview
VEND00486,Mccarthy-Dawson Suppliers,TD,New Lisatown
VEND00487,"Dillon, Marshall and Juarez Suppliers",SK,Mossside
VEND00488,"Martinez, Williams and Rich Suppliers",TO,Haroldton
VEND00489,Graham and Sons Suppliers,SR,Breannatown
VEND00490,"Obrien, Lindsey and Mccarty Suppliers",FJ,East Davidtown
VEND00491,Pearson Ltd Suppliers,MK,Gregoryburgh
VEND00492,Chavez Inc Suppliers,NA,West Rachael
VEND00493,Hensley-Hardy Suppliers,AT,North Kevinhaven
VEND00494,Anderson LLC Suppliers,UY,Oliviachester
VEND00495,"Hill, Marsh and Garcia Suppliers",ES,Davenportfurt
VEND00496,"Haynes, Carpenter and Boyd Suppliers",BE,Mendezview
VEND00497,West Ltd Suppliers,DK,New Craig
VEND00498,Sandoval PLC Suppliers,US,South Joelberg
VEND00499,Cross-Tapia Suppliers,KG,Waltersberg
VEND00500,"Deleon, Hartman and Bryant Suppliers",CD,Victorialand
VEND00501,"Clark, Alexander and Ross Suppliers",GQ,Diazberg
VEND00502,Evans LLC Suppliers,JO,Reeseborough
VEND00503,Smith LLC Suppliers,US,Lake Rachelstad
VEND00504,"Shaffer, Noble and Dennis Suppliers",GW,Randallmouth
VEND00505,Jenkins-Moss Suppliers,SA,North Jeffrey
VEND00506,"Stanton, Carlson and Martinez Suppliers",SV,Port Rachelshire
VEND00507,Goodwin-Washington Suppliers,SN,Samanthaland
VEND00508,"Deleon, Daniels and Smith Suppliers",CM,Huntermouth
VEND00509,Hayes Inc Suppliers,SM,South Jacobview
VEND00510,"Fuller, Hill and Miller Suppliers",BW,Lake Biancaland
VEND00511,"Turner, Clark and Smith Suppliers",AD,Johnport
VEND00512,Barton-Smith Suppliers,MW,Garciastad
VEND00513,"Valencia, Allen and Williams Suppliers",SC,Isaiahside
VEND00514,Reilly-Johnson Suppliers,DZ,North Debra
VEND00515,Good Ltd Suppliers,HU,Burkeberg
VEND00516,Porter-Holt Suppliers,SI,New Jonathantown
VEND00517,"Garcia, Torres and Richards Suppliers",CN,Brianshire
VEND00518,Stephens LLC Suppliers,KH,Whiteburgh
VEND00519,"Arroyo, Patterson and Coleman Suppliers",MK,New Danielport
VEND00520,"Brooks, Woods and Blackburn Suppliers",SZ,Johnsonmouth
VEND00521,Norton Inc Suppliers,HN,Lake Angelamouth
VEND00522,"Ramirez, Rivera and Jones Suppliers",TD,Kellieland
VEND00523,"Miller, Johnson and Melendez Suppliers",PE,Lake Marioland
VEND00524,Dorsey and Sons Suppliers,KW,Lake Ronald
VEND00525,Rollins Group Suppliers,AU,Timothyhaven
VEND00526,"Lindsey, Baldwin and Sanchez Suppliers",RS,Yvonneland
VEND00527,Henderson and Sons Suppliers,BA,South Benjamin
VEND00528,Walker Inc Suppliers,IR,North Jesse
VEND00529,Medina Ltd Suppliers,LT,Port Tamarashire
VEND00530,Martinez-Wilson Suppliers,SI,West Lindseyville
VEND00531,Miller Ltd Suppliers,GN,Lawrencetown
VEND00532,Joyce-Ferguson Suppliers,MR,Ashleyport
VEND00533,"Smith, Manning and Mcdaniel Suppliers",BY,Lake Christine
VEND00534,Garcia Ltd Suppliers,ID,South Jessehaven
VEND00535,"Davis, Alvarez and Dudley Suppliers",AE,South Micheal
VEND00536,Buckley-Suarez Suppliers,AD,Joseport
VEND00537,"King, Kim and Sellers Suppliers",MG,Campbellborough
VEND00538,Newton Group Suppliers,PE,Monroeborough
VEND00539,"Williamson, Chavez and Evans Suppliers",EC,New Sheila
VEND00540,Lewis Ltd Suppliers,AD,West Charles
VEND00541,Evans Group Suppliers,LB,Port Jamesshire
VEND00542,Smith-Warren Suppliers,MC,East Bradstad
VEND00543,Simmons PLC Suppliers,ZA,Josephtown
VEND00544,Torres-Chase Suppliers,AD,Reyesshire
VEND00545,"Young, Jackson and Adams Suppliers",TR,Port Paul
VEND00546,Webb and Sons Suppliers,MV,Kyleborough
VEND00547,"Kelley, Chen and Smith Suppliers",BF,Garciafort
VEND00548,"Gonzales, Gregory and Gordon Suppliers",CY,Mcintyrechester
VEND00549,Torres PLC Suppliers,CU,Port Heatherton
VEND00550,Pearson PLC Suppliers,VC,Grahammouth
VEND00551,Ramirez LLC Suppliers,CF,New Stevenport
VEND00552,Barker-Gonzalez Suppliers,LB,Lake Johnview
VEND00553,Wilson-Kennedy Suppliers,TG,Port Donald
VEND00554,Johnson Inc Suppliers,AL,Raymondmouth
VEND00555,Hamilton-Riley Suppliers,SA,Carrollton
VEND00556,Johnson-Wright Suppliers,LK,Christopherburgh
VEND00557,"Hines, Cordova and Wilson Suppliers",BA,Lake Jacobmouth
VEND00558,Walker PLC Suppliers,TT,Danielchester
VEND00559,Miller-Robinson Suppliers,NI,Dawnbury
VEND00560,Jones-Villanueva Suppliers,NZ,West Davidfort
VEND00561,"Moss, Schmidt and Flynn Suppliers",AD,Jacobsburgh
VEND00562,"Montgomery, Peters and Valentine Suppliers",BJ,Heathport
VEND00563,Trujillo-Smith Suppliers,ZM,Port Melissa
VEND00564,Walsh Ltd Suppliers,BW,Georgehaven
VEND00565,Clark Inc Suppliers,TG,Johnsontown
VEND00566,"Perez, Serrano and Garcia Suppliers",RS,West Melissa
VEND00567,"Vasquez, Kelley and Beltran Suppliers",CI,Jordanchester
VEND00568,"Reese, Thompson and Martinez Suppliers",UG,Ramirezshire
VEND00569,Haynes-Mills Suppliers,LA,Humphreyborough
VEND00570,Price-Anderson Suppliers,SD,Jasonhaven
VEND00571,Clark Group Suppliers,MA,Lake Phillipview
VEND00572,"Morales, Gutierrez and Rivera Suppliers",SI,East Josephview
VEND00573,Wood-Hunter Suppliers,MD,Hudsonmouth
VEND00574,Lee Ltd Suppliers,TR,Coreyfort
VEND00575,"King, Adams and Smith Suppliers",SY,Claytonbury
VEND00576,Hughes-Cline Suppliers,GQ,Rogersmouth
VEND00577,"Schwartz, Escobar and Ellis Suppliers",PY,East Alyssachester
VEND00578,Adams and Sons Suppliers,DJ,New Jeffreyview
VEND00579,Clark Ltd Suppliers,KW,New David
VEND00580,"Pena, Williams and Walter Suppliers",TJ,South Eric
VEND00581,Rivera Ltd Suppliers,SD,Heatherburgh
VEND00582,Jones and Sons Suppliers,MN,Berrytown
VEND00583,Robinson Inc Suppliers,BI,New Karen
VEND00584,Johnson-Mejia Suppliers,TW,Benjaminmouth
VEND00585,"Garcia, Franklin and Burnett Suppliers",MR,Lopezfort
VEND00586,Patterson and Sons Suppliers,MU,Gillespieton
VEND00587,Zavala LLC Suppliers,LI,Nathanielberg
VEND00588,Lee Inc Suppliers,RO,Figueroaborough
VEND00589,"Davis, Brown and Hawkins Suppliers",IL,South Lindaside
VEND00590,Anderson PLC Suppliers,MH,Liutown
VEND00591,Mcintosh PLC Suppliers,CZ,Andersonmouth
VEND00592,"Nicholson, Hill and Sanchez Suppliers",PT,North Carriechester
VEND00593,Smith LLC Suppliers,IR,South Amberhaven
VEND00594,Ramirez-Rojas Suppliers,EE,New Melissafort
VEND00595,"Lyons, Pacheco and Gallagher Suppliers",MD,Shawnton
VEND00596,Richardson Ltd Suppliers,LA,Lake Christopher
VEND00597,Johnston-Miller Suppliers,BT,Jessicamouth
VEND00598,"Hurst, Ford and Little Suppliers",CO,Port Jesse
VEND00599,Jimenez Inc Suppliers,SB,South Julie
VEND00600,Morrison-Dillon Suppliers,NZ,Lindaside
VEND00601,Ayala and Sons Suppliers,PA,Barberberg
VEND00602,Waters-Jordan Suppliers,US,Roachburgh
VEND00603,"Mathis, Gomez and Hart Suppliers",UY,West James
VEND00604,Smith-Gillespie Suppliers,MD,Port Edward
VEND00605,Thompson Inc Suppliers,ZM,East Thomasmouth
VEND00606,"Galloway, Russell and Smith Suppliers",DO,New Veronicashire
VEND00607,"Washington, Wiggins and Weaver Suppliers",BE,South Stephanieside
VEND00608,Mcgee-Vega Suppliers,UA,Hansenfurt
VEND00609,Wallace-Gould Suppliers,DO,Lake Samantha
VEND00610,"Bryant, Wagner and Wagner Suppliers",LR,New Scott
VEND00611,Sanchez and Sons Suppliers,ST,Markhaven
VEND00612,Jacobs and Sons Suppliers,HT,South Gary
VEND00613,"Berger, Delgado and Preston Suppliers",AR,Julialand
VEND00614,"Green, Harris and Barber Suppliers",EE,East Emilymouth
VEND00615,Thompson and Sons Suppliers,TT,New Keith
VEND00616,"Bennett, Mcdowell and Ramirez Suppliers",NZ,Oliverville
VEND00617,Williams PLC Suppliers,MR,East Jeffery
VEND00618,"Phelps, Hughes and Keller Suppliers",TT,Bonillaport
VEND00619,Weiss Ltd Suppliers,ID,Michellechester
VEND00620,Yang Inc Suppliers,LT,North James
VEND00621,"Delgado, Hill and Chung Suppliers",CA,New Michaelchester
VEND00622,Hill-Zimmerman Suppliers,PG,Nataliechester
VEND00623,Morrison Inc Suppliers,CA,Port Melissa
VEND00624,"Wilson, Simmons and Garcia Suppliers",SZ,Haleymouth
VEND00625,Tucker-Jackson Suppliers,GH,Laneborough
VEND00626,"Silva, Simmons and Johnson Suppliers",MK,West Wayne
VEND00627,Martinez Inc Suppliers,IQ,North Alexander
VEND00628,"Sanchez, Moore and Mccann Suppliers",SD,Timothyfurt
VEND00629,"Ferguson, Price and Brown Suppliers",TL,South Shawn
VEND00630,Perry and Sons Suppliers,NE,Thompsonhaven
VEND00631,"Gonzalez, Jones and Martinez Suppliers",BN,South Jeffrey
VEND00632,"Thompson, Payne and Ward Suppliers",VU,Port Tammymouth
VEND00633,Frey-Ruiz Suppliers,AR,Jonesmouth
VEND00634,Clark and Sons Suppliers,NO,East Ericfort
VEND00635,Santos-Hubbard Suppliers,BW,Davidfort
VEND00636,"Bowers, Cox and Salinas Suppliers",KE,New Katie
VEND00637,"Peterson, Cisneros and Coleman Suppliers",ZM,East Kimberlyview
VEND00638,Adkins Inc Suppliers,MV,Myersstad
VEND00639,Thomas-Sanchez Suppliers,SB,Aguilarmouth
VEND00640,Riley-Mckinney Suppliers,VC,Reedfurt
VEND00641,Petersen and Sons Suppliers,IL,Sullivanfurt
VEND00642,"Green, Dawson and Tyler Suppliers",PW,Floresfort
VEND00643,Reyes Ltd Suppliers,PY,Lucaschester
VEND00644,"Brooks, King and Cabrera Suppliers",NR,Jennychester
VEND00645,West-Williams Suppliers,TL,Gloriamouth
VEND00646,Mcmillan-Curtis Suppliers,TH,Craigburgh
VEND00647,Garcia PLC Suppliers,IS,Port Beth
VEND00648,Martinez PLC Suppliers,SI,Stacyburgh
VEND00649,"Ward, Marshall and Barnes Suppliers",MZ,Danielland
VEND00650,Schneider-Thompson Suppliers,CH,West Jennifer
VEND00651,Haynes-Mejia Suppliers,SB,Rachelton
VEND00652,Perez PLC Suppliers,TM,North Tracyshire
VEND00653,Campbell-Greer Suppliers,GQ,East Juanview
VEND00654,Lewis-Webb Suppliers,GB,Port Donaldville
VEND00655,Navarro LLC Suppliers,MX,Cruzstad
VEND00656,"Cisneros, Kelly and Wilson Suppliers",IL,South Stanleyberg
VEND00657,Howell-Garner Suppliers,SL,Mooreview
VEND00658,Cox Inc Suppliers,BR,Hodgehaven
VEND00659,Lindsey Inc Suppliers,DJ,North Jill
VEND00660,Acosta-Lane Suppliers,CV,Lake Jamesburgh
VEND00661,Baker-Hall Suppliers,AL,Barbaraland
VEND00662,"Lang, Maxwell and Shah Suppliers",BT,Meganborough
VEND00663,"Neal, Mckee and Jordan Suppliers",GA,Mcdonaldburgh
VEND00664,Browning-Reilly Suppliers,ST,South Johnmouth
VEND00665,"Washington, Hunt and Allen Suppliers",SR,Port Justinside
VEND00666,"Carter, Brooks and Bell Suppliers",CA,Sandraport
VEND00667,Goodman-Cole Suppliers,SR,Boltonfurt
VEND00668,Mckay LLC Suppliers,SI,Tonyfort
VEND00669,Mann-Romero Suppliers,US,South Jessica
VEND00670,"Cunningham, Nguyen and Mcintosh Suppliers",CM,Mccormickchester
VEND00671,Hinton Inc Suppliers,VN,Bartontown
VEND00672,"West, Zuniga and Lowe Suppliers",BJ,South Jonathanburgh
VEND00673,"Gregory, Phillips and Coleman Suppliers",RW,New Melaniehaven
VEND00674,"Gibson, Butler and Snyder Suppliers",CA,Torrestown
VEND00675,Powell-Vega Suppliers,CU,Ryanport
VEND00676,Adams and Sons Suppliers,SY,Rodriguezshire
VEND00677,Wright-Jensen Suppliers,AD,Port Joseberg
VEND00678,Brown Inc Suppliers,SZ,Lake Nicole
VEND00679,"Martinez, Bell and Gregory Suppliers",FM,New Kyleshire
VEND00680,"Lee, Mason and Smith Suppliers",MH,West Lisa
VEND00681,Hoffman-Knox Suppliers,AO,Herringland
VEND00682,"Stewart, Neal and Hart Suppliers",VU,Port Lynn
VEND00683,Becker-Larsen Suppliers,FR,East Kayla
VEND00684,Sullivan PLC Suppliers,PK,Schroederstad
VEND00685,Gallagher and Sons Suppliers,SG,Simmonsland
VEND00686,"Wilson, Williams and Stevens Suppliers",NA,West Steven
VEND00687,Herrera Ltd Suppliers,VN,New Ryanchester
VEND00688,"Brown, Foster and Brown Suppliers",SI,Port Troystad
VEND00689,Strickland-Williams Suppliers,MG,Dominguezton
VEND00690,"Thompson, Chavez and Smith Suppliers",IS,North April
VEND00691,Soto-Sutton Suppliers,BR,Curtiston
VEND00692,Garner LLC Suppliers,CL,Smithside
VEND00693,Flores LLC Suppliers,NA,Stevenmouth
VEND00694,"Perez, Greer and Gonzalez Suppliers",GY,West Deborah
VEND00695,Mitchell LLC Suppliers,LU,Bergtown
VEND00696,Fleming-Ball Suppliers,UZ,Williamsshire
VEND00697,"Mercer, Robinson and Lewis Suppliers",AL,Wardchester
VEND00698,Wilson-Cook Suppliers,IS,South Susan
VEND00699,"Lopez, Patrick and Pennington Suppliers",DK,Port David
VEND00700,"Villa, Barker and Hines Suppliers",TV,Russellland
VEND00701,Sellers Inc Suppliers,SB,Woodsland
VEND00702,"Gonzalez, Hancock and Bruce Suppliers",BI,Williamsfurt
VEND00703,Reynolds Ltd Suppliers,CM,East Sandrashire
VEND00704,"Vargas, Ramos and Singh Suppliers",TJ,Kyleburgh
VEND00705,"Moody, Torres and Ross Suppliers",BS,Lake Ryanstad
VEND00706,Perez-Brown Suppliers,CU,West Melissa
VEND00707,Reid-Goodman Suppliers,ER,Port James
VEND00708,"Berry, Estrada and Sparks Suppliers",UG,Riveraview
VEND00709,Franklin Ltd Suppliers,MY,North Rachel
VEND00710,"Wise, Cobb and White Suppliers",TG,Monroeville
VEND00711,Wong-King Suppliers,TM,New Kevinborough
VEND00712,"Elliott, Garcia and Phillips Suppliers",YE,Lake Linda
VEND00713,Griffin-Brown Suppliers,CY,Juliaton
VEND00714,Robinson-Boyd Suppliers,ET,Owenshaven
VEND00715,Lewis-Cruz Suppliers,CN,Donnachester
VEND00716,Harris LLC Suppliers,IL,North Jeffrey
VEND00717,"Adkins, Lopez and Dickson Suppliers",DZ,East Betty
VEND00718,Anderson LLC Suppliers,PS,Lake Jared
VEND00719,Mendoza-Elliott Suppliers,AE,East Shannonbury
VEND00720,Mckinney-Lopez Suppliers,AR,Fowlershire
VEND00721,Thompson and Sons Suppliers,PA,West Madison
VEND00722,Smith Group Suppliers,CM,West Wayneburgh
VEND00723,Brown-Contreras Suppliers,FI,Chelseymouth
VEND00724,Bonilla Ltd Suppliers,VN,Robinsonview
VEND00725,"Edwards, West and Graves Suppliers",NG,Amytown
VEND00726,"Jones, Goodwin and Black Suppliers",PK,East Marisafurt
VEND00727,"Griffin, Valdez and Torres Suppliers",BH,Chandlerberg
VEND00728,Davis-Guerra Suppliers,GD,Mitchellhaven
VEND00729,Malone-Austin Suppliers,SZ,Douglasmouth
VEND00730,"Gilmore, Edwards and Morales Suppliers",SZ,Mendozahaven
VEND00731,"Roach, Garza and Hunt Suppliers",TZ,Stevensshire
VEND00732,"Alexander, Dennis and Gutierrez Suppliers",CO,South William
VEND00733,Anderson-Morris Suppliers,MV,Derekview
VEND00734,Peck-Ellison Suppliers,ET,Gailfort
VEND00735,Hensley-Le Suppliers,GA,Tuckertown
VEND00736,"Schmidt, Skinner and Moore Suppliers",CD,Logantown
VEND00737,Torres and Sons Suppliers,UY,Port Crystalshire
VEND00738,Morrow Inc Suppliers,NA,Biancamouth
VEND00739,Mays-Smith Suppliers,AF,Lake Jamestown
VEND00740,Johnson-Olsen Suppliers,CI,Rivasland
VEND00741,"Conley, Miller and Rodriguez Suppliers",TN,Dawnmouth
VEND00742,"Turner, Anderson and Long Suppliers",SN,Cathyside
VEND00743,Peterson-Herman Suppliers,AF,North Charlestown
VEND00744,"Torres, Sanchez and Howard Suppliers",PE,North Dawn
VEND00745,Harvey and Sons Suppliers,CG,North Kendra
VEND00746,"Moon, Gay and Bonilla Suppliers",KW,Lewisfurt
VEND00747,Smith LLC Suppliers,TH,South Kelly
VEND00748,Smith-Garza Suppliers,LB,Donnamouth
VEND00749,"Berry, Scott and Little Suppliers",PG,Chrisburgh
VEND00750,Sherman PLC Suppliers,SD,Madisonton
VEND00751,Gomez-Perez Suppliers,KR,East Jessicaburgh
VEND00752,Olson PLC Suppliers,NZ,Summersville
VEND00753,Smith-Rojas Suppliers,GN,Michealbury
VEND00754,Conway and Sons Suppliers,JP,South Rachelport
VEND00755,"Holland, Price and Madden Suppliers",TN,New Adam
VEND00756,Williams LLC Suppliers,LV,Rebeccafurt
VEND00757,Brown-Malone Suppliers,KN,West Williamview
VEND00758,"Johnson, Moore and Brown Suppliers",GA,Brownton
VEND00759,"Morris, Palmer and Thomas Suppliers",DM,Teresaville
VEND00760,Robinson-Hernandez Suppliers,GB,Reedstad
VEND00761,"Ortega, Ramirez and Beck Suppliers",BH,Gonzalezport
VEND00762,Smith-Kelley Suppliers,ML,South Anneport
VEND00763,Nelson Inc Suppliers,MU,Port Daniel
VEND00764,"Wagner, Terrell and Tanner Suppliers",CI,North Robert
VEND00765,Hernandez-Jones Suppliers,CV,Port William
VEND00766,"Torres, Schmidt and Carter Suppliers",UG,Carrieshire
VEND00767,Kim-Williams Suppliers,WS,Johnsonmouth
VEND00768,Neal LLC Suppliers,CZ,Edwardsborough
VEND00769,Rodriguez Ltd Suppliers,YE,West Emily
VEND00770,Ramirez-Wright Suppliers,VE,New Theresaville
VEND00771,Walker-Hart Suppliers,IL,Kimberlyton
VEND00772,Dixon Ltd Suppliers,MU,East Teresaberg
VEND00773,Holland-Brown Suppliers,MH,East Robertbury
VEND00774,Ramos-Roach Suppliers,JM,South Thomas
VEND00775,Lawrence-Gonzalez Suppliers,LS,Jenniferfurt
VEND00776,"Garcia, Dean and Calderon Suppliers",TW,Darrellstad
VEND00777,Edwards and Sons Suppliers,UY,New Ericport
VEND00778,Roman-Ayers Suppliers,ZW,North Donnaland
VEND00779,Waters Group Suppliers,MH,Olsenview
VEND00780,"Odonnell, Benton and Wilkins Suppliers",UA,Bryantfurt
VEND00781,"Peck, Wu and Brown Suppliers",JO,East Christinashire
VEND00782,"Townsend, Martinez and King Suppliers",PL,East Madisontown
VEND00783,Weber-Cline Suppliers,MY,North Nicholasport
VEND00784,Flynn Group Suppliers,CF,Lopezmouth
VEND00785,Jones Inc Suppliers,CM,Lake Caroline
VEND00786,Crosby-Cook Suppliers,SO,Port Deanna
VEND00787,Hall-Mcmillan Suppliers,IL,Stanleyfurt
VEND00788,Woodard Ltd Suppliers,TO,Maureenfort
VEND00789,Campos PLC Suppliers,CH,Nelsonbury
VEND00790,Harding-Hernandez Suppliers,NP,South Sara
VEND00791,Blair Inc Suppliers,GT,New Dakotabury
VEND00792,"Richardson, Patterson and Cunningham Suppliers",ZA,East Sherryton
VEND00793,Trevino-Francis Suppliers,CU,Lake Susan
VEND00794,"Cook, Marsh and Cox Suppliers",IE,Burtonmouth
VEND00795,Davis-Freeman Suppliers,CL,Jacobsonberg
VEND00796,Summers-Thomas Suppliers,LY,West Jerrytown
VEND00797,White-Lee Suppliers,MT,Lopezborough
VEND00798,"Guzman, Smith and Campbell Suppliers",MZ,Haydenberg
VEND00799,Hartman Group Suppliers,UZ,Elizabethchester
VEND00800,Bennett Inc Suppliers,ZM,Grosstown
VEND00801,Hendricks-Brown Suppliers,KG,New Steven
VEND00802,King Group Suppliers,ZA,Port Gabriella
VEND00803,"Harris, Wu and Poole Suppliers",BS,West Kathrynton
VEND00804,"Smith, Sullivan and Jackson Suppliers",DK,Osbornview
VEND00805,"Evans, Franklin and Bennett Suppliers",TV,Johnsonport
VEND00806,"Walker, Massey and Barnett Suppliers",NP,Wilkinsstad
VEND00807,Harris Ltd Suppliers,SC,North Lisaburgh
VEND00808,Rose and Sons Suppliers,BZ,West Richardberg
VEND00809,Green-Chen Suppliers,MD,Kathyfort
VEND00810,Bradshaw Inc Suppliers,PS,Leahmouth
VEND00811,Burgess-Ross Suppliers,LI,Anitaland
VEND00812,Wong Group Suppliers,PY,South Adamtown
VEND00813,Murray-Mills Suppliers,LK,East Johnborough
VEND00814,Cabrera Ltd Suppliers,TM,New Mikeside
VEND00815,Taylor-Haley Suppliers,NZ,New Annette
VEND00816,"Lee, Brown and Hernandez Suppliers",EE,Dylanton
VEND00817,"Fisher, Phillips and Bradley Suppliers",KE,Amyland
VEND00818,Cameron-Armstrong Suppliers,HU,Alexhaven
VEND00819,Espinoza Group Suppliers,QA,Chaneyberg
VEND00820,"Green, Navarro and Lee Suppliers",SG,Carolynville
VEND00821,Duran-Rodriguez Suppliers,GB,Keyport
VEND00822,Johnson and Sons Suppliers,VN,Kyleton
VEND00823,"Todd, Farley and Pierce Suppliers",GE,East Kathleenfort
VEND00824,Diaz-Gonzalez Suppliers,IS,Briannafurt
VEND00825,Parks-Flores Suppliers,SR,Maryberg
VEND00826,"Duran, Nelson and Larson Suppliers",EG,Pricemouth
VEND00827,Jimenez-Garcia Suppliers,BH,Dunnfurt
VEND00828,Stanley-Wells Suppliers,TH,Holtmouth
VEND00829,"Ford, Price and Smith Suppliers",IS,Lake Jessicatown
VEND00830,"Mack, Newman and Webb Suppliers",MM,Macdonaldville
VEND00831,Graham Inc Suppliers,MG,South Robertfort
VEND00832,Sanchez-Wood Suppliers,NR,Campbellside
VEND00833,Bush Group Suppliers,AO,Mariaburgh
VEND00834,Steele Ltd Suppliers,UZ,Lake Bobbyland
VEND00835,Marsh-Sloan Suppliers,LS,North Danielton
VEND00836,Wilkins-Collins Suppliers,BE,West Elizabethmouth
VEND00837,"Hall, Beck and Green Suppliers",NZ,West Nicholaston
VEND00838,Yoder-Ingram Suppliers,KH,Charlesmouth
VEND00839,Blake-Walker Suppliers,LY,Allenfurt
VEND00840,"White, Jackson and West Suppliers",HN,Williamview
VEND00841,Holloway-Hill Suppliers,HU,Vernonstad
VEND00842,Jefferson PLC Suppliers,CZ,Zamoraberg
VEND00843,"Lin, Huynh and Green Suppliers",TR,South Stephenchester
VEND00844,"Patel, Lee and White Suppliers",FR,Roberttown
VEND00845,Santana and Sons Suppliers,LR,New Christopher
VEND00846,Jackson-Mendez Suppliers,GM,Emmachester
VEND00847,"Hall, Nguyen and Gill Suppliers",BI,West Crystal
VEND00848,Bell LLC Suppliers,ZW,East Kathleenside
VEND00849,James-Montgomery Suppliers,LC,Lake Jennifermouth
VEND00850,"Bentley, Galloway and Tapia Suppliers",SG,Gabrielaberg
VEND00851,Jarvis LLC Suppliers,GM,Port Gregory
VEND00852,"Mason, Fletcher and Lee Suppliers",SE,South Elizabethfort
VEND00853,"White, Webb and Bernard Suppliers",SY,Vazquezborough
VEND00854,Cooper-Ward Suppliers,TZ,Lake William
VEND00855,"Hill, Moore and Smith Suppliers",FR,Hardyport
VEND00856,Atkinson-Morales Suppliers,EC,Heatherborough
VEND00857,Henderson-Hill Suppliers,PL,Perezmouth
VEND00858,Phillips Ltd Suppliers,GB,Nguyenhaven
VEND00859,Rodriguez-Cortez Suppliers,SB,Deanbury
VEND00860,"Hart, Ayala and Collier Suppliers",SE,West Tonyland
VEND00861,Potter-Cohen Suppliers,PH,Lake Bobbybury
VEND00862,"Daniels, Cook and Davis Suppliers",LC,Ianstad
VEND00863,"Le, Moran and Duran Suppliers",BW,Thomasside
VEND00864,"Brown, Cole and Castillo Suppliers",GN,Lunaville
VEND00865,Casey-Meyer Suppliers,ZM,Joseshire
VEND00866,Lozano Inc Suppliers,KW,Lake Richardtown
VEND00867,Lewis Group Suppliers,FR,Garrettmouth
VEND00868,"Bell, Rios and Allen Suppliers",SA,North Nathan
VEND00869,Peterson-Williams Suppliers,BB,Rojasport
VEND00870,Gonzalez-Young Suppliers,TL,Gabriellaton
VEND00871,"Beard, Moran and Rubio Suppliers",LI,East Thomasburgh
VEND00872,"Brown, Holland and Lowery Suppliers",KW,Wilsonburgh
VEND00873,Garrison-Walker Suppliers,SE,North Patrick
VEND00874,Willis Ltd Suppliers,TR,Lake Matthew
VEND00875,Gonzales-Dawson Suppliers,RO,East Steven
VEND00876,"Cross, Roberts and White Suppliers",NR,Cynthiaberg
VEND00877,Lee Group Suppliers,GY,Douglashaven
VEND00878,Wilson Inc Suppliers,US,North Joeberg
VEND00879,Dunlap Group Suppliers,SK,Port Shawnport
VEND00880,"Hogan, Powell and Little Suppliers",ES,North Stevenchester
VEND00881,Knight-Frederick Suppliers,FI,Dwaynehaven
VEND00882,King PLC Suppliers,US,Michaeltown
VEND00883,Rogers LLC Suppliers,NA,Anthonyburgh
VEND00884,Bowen Ltd Suppliers,MH,Lake Allisonchester
VEND00885,Mcintyre-Robinson Suppliers,SY,Gonzalezmouth
VEND00886,"Perez, Wright and Moore Suppliers",GH,Millermouth
VEND00887,Barry-Mcdonald Suppliers,ID,West Philip
VEND00888,"Lopez, Mueller and Porter Suppliers",CZ,Jeffreyton
VEND00889,Jennings-Roberts Suppliers,TG,East Alexander
VEND00890,Fowler LLC Suppliers,FR,West Susanchester
VEND00891,Murray-Lawrence Suppliers,VU,Hollyhaven
VEND00892,"Higgins, Hill and Orr Suppliers",UG,Sarahchester
VEND00893,Perez LLC Suppliers,MW,Deannafort
VEND00894,"Castro, Smith and Taylor Suppliers",PH,North Carrie
VEND00895,Gay-Downs Suppliers,MD,Michaelside
VEND00896,"Walker, Olson and Robinson Suppliers",ME,West Elizabethport
VEND00897,Tucker LLC Suppliers,RO,Kathleenmouth
VEND00898,Smith-Smith Suppliers,NO,Cainmouth
VEND00899,Walton LLC Suppliers,PW,North Emmaland
VEND00900,Bailey PLC Suppliers,KE,Calderonberg
VEND00901,"Blevins, Reynolds and Clark Suppliers",PW,East Dawnville
VEND00902,"Williamson, Salas and Scott Suppliers",EG,Port Daniellefurt
VEND00903,Moody Ltd Suppliers,OM,West Damonville
VEND00904,Day-Ritter Suppliers,HT,Lake Abigailberg
VEND00905,Mosley PLC Suppliers,MM,Comptonborough
VEND00906,Monroe Ltd Suppliers,TO,East Kennethton
VEND00907,Mueller-Hines Suppliers,MC,Sparksmouth
VEND00908,Brady PLC Suppliers,AO,Andrehaven
VEND00909,Huff-Scott Suppliers,MH,Brownberg
VEND00910,"Smith, Berg and Moore Suppliers",JP,Travisland
VEND00911,Watkins Group Suppliers,CG,East Andre
VEND00912,"Miller, Garcia and Rojas Suppliers",BI,Teresamouth
VEND00913,Munoz Ltd Suppliers,AO,New Gary
VEND00914,Larsen PLC Suppliers,ME,Dodsonstad
VEND00915,Moss Group Suppliers,ID,Johnland
VEND00916,Anderson-Fisher Suppliers,CV,East Jerryhaven
VEND00917,Torres-Mccarty Suppliers,VN,Ericbury
VEND00918,"Pugh, Diaz and Sellers Suppliers",JP,South Travis
VEND00919,"Kelly, Johnson and Phillips Suppliers",MX,South Priscilla
VEND00920,Schmidt-Miller Suppliers,AM,Lake Charles
VEND00921,Wagner Ltd Suppliers,NI,Josephmouth
VEND00922,"Barber, Walker and Thomas Suppliers",TT,Jonesborough
VEND00923,Brown-Scott Suppliers,LY,New Jillian
VEND00924,Reed LLC Suppliers,JP,East Daniel
VEND00925,Fletcher Inc Suppliers,SL,North Scottberg
VEND00926,Jenkins-Rogers Suppliers,DO,Evanstown
VEND00927,Winters Group Suppliers,HR,Port Aliciahaven
VEND00928,Hudson-Mitchell Suppliers,SM,Gonzalezville
VEND00929,Grant-Jackson Suppliers,IT,Davidfurt
VEND00930,Clark-Forbes Suppliers,CN,Joshuabury
VEND00931,Smith-Perry Suppliers,LR,North Devin
VEND00932,"White, Delgado and Turner Suppliers",ME,West Linda
VEND00933,Perez-Stein Suppliers,MX,Hardyside
VEND00934,"Murphy, Fox and Douglas Suppliers",CI,Johnsonchester
VEND00935,Aguirre-Church Suppliers,OM,North Joshua
VEND00936,"Wade, White and Murphy Suppliers",DE,Port Jessicaberg
VEND00937,Wood-Moore Suppliers,TJ,Ortizport
VEND00938,Hall PLC Suppliers,HN,Cisnerosland
VEND00939,"Johnston, Green and Jimenez Suppliers",CH,Noahfort
VEND00940,Baker Inc Suppliers,TD,Lake Stacie
VEND00941,"Eaton, Smith and Reed Suppliers",GD,East Jessica
VEND00942,"Todd, Hernandez and Moore Suppliers",PS,East James
VEND00943,"Hamilton, Dixon and Lee Suppliers",MN,New Chadland
VEND00944,"Hudson, Golden and Booker Suppliers",CG,West Michael
VEND00945,"Cole, Lucas and Evans Suppliers",MT,Lake Alicia
VEND00946,"Roberts, Wilson and Warren Suppliers",IQ,Donnamouth
VEND00947,"Harris, Gutierrez and Gonzales Suppliers",LR,North Kyle
VEND00948,"Horton, Davis and Orozco Suppliers",GD,West Albert
VEND00949,"Salazar, Edwards and Robbins Suppliers",PA,East Thomas
VEND00950,Norris-Chung Suppliers,IE,Danielmouth
VEND00951,Martinez-Gonzalez Suppliers,TT,Port Joshua
VEND00952,"Valdez, Williams and Bailey Suppliers",MH,West Annamouth
VEND00953,Moore-Farrell Suppliers,TV,Robertfort
VEND00954,"Martin, Schroeder and Lee Suppliers",BR,South Carol
VEND00955,"Cunningham, Garcia and Gonzalez Suppliers",GA,Lake Frances
VEND00956,Harris-Williams Suppliers,NZ,West Barbara
VEND00957,Allen-Lucas Suppliers,JO,Alexandraland
VEND00958,"Dawson, Larsen and Gilbert Suppliers",LV,North Felicia
VEND00959,"Hamilton, Robinson and Parker Suppliers",MH,Baileyborough
VEND00960,Oneal LLC Suppliers,ME,Joshualand
VEND00961,Foster-Palmer Suppliers,LI,East Justinton
VEND00962,"Adams, Watson and West Suppliers",SV,Chavezstad
VEND00963,Juarez-Stevens Suppliers,TW,Solisshire
VEND00964,Stewart Group Suppliers,CH,East Robertfurt
VEND00965,"Solomon, Wheeler and Smith Suppliers",FM,East Danielburgh
VEND00966,"Flores, Jensen and Greene Suppliers",AU,North Aaron
VEND00967,"Keller, Terry and Mathis Suppliers",NL,Cummingsfort
VEND00968,Glover LLC Suppliers,CN,Tonimouth
VEND00969,Compton LLC Suppliers,ID,Bishopborough
VEND00970,"Robertson, Hill and Stafford Suppliers",BE,Port Cynthia
VEND00971,Stewart Ltd Suppliers,BO,West Pamelaport
VEND00972,Fox LLC Suppliers,MN,New Patriciabury
VEND00973,"Burnett, Wood and Watson Suppliers",JP,East Aprilhaven
VEND00974,Webb PLC Suppliers,QA,Ashleyland
VEND00975,"Braun, Stephenson and Walker Suppliers",FR,Torresmouth
VEND00976,Newman-Mckinney Suppliers,TH,New Kristinburgh
VEND00977,Knox-Johnson Suppliers,ZW,Sanchezport
VEND00978,Shields PLC Suppliers,AU,Bryanburgh
VEND00979,Williamson-Martinez Suppliers,TT,Dianetown
VEND00980,"Mcguire, Robinson and Wood Suppliers",LC,North Triciafurt
VEND00981,"Rios, Cooper and Williams Suppliers",LT,Port Juanstad
VEND00982,Gonzalez-Terry Suppliers,DE,East Brittney
VEND00983,Young-Frederick Suppliers,IS,Davidview
VEND00984,"Wagner, Brown and Myers Suppliers",CY,West Billyport
VEND00985,Herrera-Valdez Suppliers,GM,Lake Shannon
VEND00986,Jimenez-Austin Suppliers,VE,Andrewbury
VEND00987,"Cox, Wilson and Rivas Suppliers",ZA,Patriciahaven
VEND00988,"Roberts, Harmon and Anderson Suppliers",ER,South Aaronland
VEND00989,Anderson-Adams Suppliers,EG,Davidland
VEND00990,"White, Scott and Jackson Suppliers",VE,West Tamara
VEND00991,Johnson-Turner Suppliers,BG,Kevinhaven
VEND00992,Oliver-Foster Suppliers,RS,Weisston
VEND00993,"Reeves, Jones and Smith Suppliers",KR,New Dana
VEND00994,Smith-Trujillo Suppliers,TZ,Williamfurt
VEND00995,Powell-Santos Suppliers,BN,New Jeffrey
VEND00996,Mccormick-Miller Suppliers,JO,North Alexandrashire
VEND00997,Murphy and Sons Suppliers,BW,New Laura
VEND00998,Rose Group Suppliers,CN,Smithborough
VEND00999,Clark Group Suppliers,SR,Cassandratown
VEND01000,Brown Inc Suppliers,ME,Riveramouth
VEND01001,"Cooke, Hernandez and Anderson Suppliers",HN,North Jean
VEND01002,Miranda and Sons Suppliers,MN,Hudsonview
VEND01003,Johnson Group Suppliers,HR,Underwoodborough
VEND01004,Ellison-Greene Suppliers,MH,Lake Laura
VEND01005,"Everett, Robinson and Parker Suppliers",AT,Floreschester
VEND01006,"Wong, Wright and Edwards Suppliers",ZW,Matthewhaven
VEND01007,Oneal-Blevins Suppliers,PT,Johnsonfort
VEND01008,"Cameron, Clarke and Holmes Suppliers",PE,Sandersfort
VEND01009,"Carr, Hughes and Watts Suppliers",SY,East Jillian
VEND01010,"Perry, Robinson and Thomas Suppliers",KE,Leebury
VEND01011,Conway Ltd Suppliers,TJ,Port Michaelmouth
VEND01012,"Willis, Bowen and Rivera Suppliers",AM,Lake Lisaburgh
VEND01013,Mckenzie-Williams Suppliers,MZ,South Charles
VEND01014,Miller-Crawford Suppliers,CO,Smithborough
VEND01015,Wolfe-Carrillo Suppliers,EE,North Stacy
VEND01016,"Maynard, Guzman and Morrison Suppliers",PE,New Elizabethmouth
VEND01017,"Ramsey, Abbott and Callahan Suppliers",MR,New Angelahaven
VEND01018,"Alexander, Shannon and Jones Suppliers",CY,South Kenneth
VEND01019,King LLC Suppliers,SL,Sarahville
VEND01020,"Doyle, Barry and Church Suppliers",MH,South Susanchester
VEND01021,Pierce-Santiago Suppliers,TO,Port Julialand
VEND01022,Lucero Group Suppliers,ID,Barbarastad
VEND01023,Howard PLC Suppliers,TV,Port Gwendolynland
VEND01024,Mccall-Maldonado Suppliers,KG,East Barry
VEND01025,Hughes Group Suppliers,JO,Michaelstad
VEND01026,"Sandoval, Sanders and Stephens Suppliers",FM,Thomasfurt
VEND01027,"Atkins, Ramirez and Cox Suppliers",SY,Melissaberg
VEND01028,Blair-Rodriguez Suppliers,FM,Lake Douglas
VEND01029,Brown Inc Suppliers,MK,East Danielview
VEND01030,"Patton, Johnson and Jones Suppliers",SM,Hoodside
VEND01031,"Fischer, Peters and Jensen Suppliers",TV,Ramirezmouth
VEND01032,"Obrien, Stevenson and Clark Suppliers",PW,Travisport
VEND01033,Boone and Sons Suppliers,DE,North Ethan
VEND01034,Graves and Sons Suppliers,FJ,East Austinside
VEND01035,Washington-Frye Suppliers,BB,New Kathleen
VEND01036,Contreras Ltd Suppliers,BE,North Tina
VEND01037,"Nelson, Barker and Nunez Suppliers",TG,New Jasontown
VEND01038,"Davidson, Suarez and Baldwin Suppliers",AF,East Kimland
VEND01039,Martinez-Norton Suppliers,LT,Robertsburgh
VEND01040,Garcia PLC Suppliers,IE,Turnerberg
VEND01041,Campbell Ltd Suppliers,ZW,New Sarah
VEND01042,Turner PLC Suppliers,TJ,Meganborough
VEND01043,"Allen, Taylor and Hudson Suppliers",MD,Port Karenbury
VEND01044,Moore Inc Suppliers,GT,Lake Michaelview
VEND01045,"Haynes, Ortega and Edwards Suppliers",RW,Alvaradoville
VEND01046,"Vance, Moreno and Martinez Suppliers",MM,Wellsmouth
VEND01047,Perez Group Suppliers,GR,South Ericamouth
VEND01048,"Rivera, Mckenzie and Ramirez Suppliers",GY,West Stephanie
VEND01049,Jones and Sons Suppliers,IQ,Robertsonville
VEND01050,Burnett-Thompson Suppliers,UZ,North Elijahland
VEND01051,"Riley, Jackson and Green Suppliers",CF,North Derrick
VEND01052,"Werner, Edwards and Smith Suppliers",UZ,North Kristenbury
VEND01053,"Campbell, Sandoval and Knight Suppliers",WS,Kellybury
VEND01054,Garcia-Scott Suppliers,TT,North Timothymouth
VEND01055,Velazquez LLC Suppliers,GA,Lake Thomasberg
VEND01056,Black-Sweeney Suppliers,LB,New Kristen
VEND01057,Johnson Inc Suppliers,AZ,South Michael
VEND01058,Walsh-Larsen Suppliers,AL,North Brandon
VEND01059,Lang-Wells Suppliers,SM,Suttonberg
VEND01060,"Adkins, Diaz and Adams Suppliers",BO,Sheahaven
VEND01061,Peters and Sons Suppliers,NL,Morristown
VEND01062,"Brooks, Holland and Vazquez Suppliers",NZ,Coleland
VEND01063,Ramos-Maldonado Suppliers,GT,Petersonbury
VEND01064,Bishop-Rodriguez Suppliers,LK,Wardbury
VEND01065,"Howard, Dixon and Green Suppliers",AM,Taylorville
VEND01066,Morrison Inc Suppliers,KW,Margaretport
VEND01067,Nolan-Conner Suppliers,BG,Willieburgh
VEND01068,Tucker and Sons Suppliers,EG,South Crystalbury
VEND01069,"Walls, Moreno and Lopez Suppliers",DZ,Odonnellville
VEND01070,"Sosa, Glass and Ellis Suppliers",PH,Robertbury
VEND01071,Castillo-Clay Suppliers,US,Brownstad
VEND01072,Kerr and Sons Suppliers,FJ,North Megan
VEND01073,Gonzalez-Garcia Suppliers,MC,Lake Markside
VEND01074,Reynolds-Ochoa Suppliers,TW,Bretthaven
VEND01075,"Dixon, Taylor and Lawson Suppliers",BY,Port Brandi
VEND01076,Jackson-Evans Suppliers,CV,Port Mike
VEND01077,Bowers Inc Suppliers,IL,Coleside
VEND01078,"Allen, Proctor and Thompson Suppliers",MT,Lake Josephborough
VEND01079,Mays-Bowen Suppliers,LU,Bowentown
VEND01080,Baker PLC Suppliers,GD,Port Andrew
VEND01081,Morris-Lewis Suppliers,ZM,East Ernest
VEND01082,Chavez Group Suppliers,NO,Port Matthewchester
VEND01083,Calderon LLC Suppliers,US,Timothyport
VEND01084,Olson-Cervantes Suppliers,TT,Benjaminberg
VEND01085,"Barker, Nguyen and Jones Suppliers",EE,Port Spencerbury
VEND01086,Rangel-Williams Suppliers,MH,Keithberg
VEND01087,Leblanc-Davis Suppliers,SE,Ianchester
VEND01088,Nguyen and Sons Suppliers,GW,East Kaitlyn
VEND01089,Allen-Chavez Suppliers,TO,Phelpsberg
VEND01090,Anderson Ltd Suppliers,CO,Leestad
VEND01091,"Chavez, Rios and Hunt Suppliers",CD,Vanceside
VEND01092,"May, Ellison and Davis Suppliers",AG,Jenniferhaven
VEND01093,Jones-Hart Suppliers,GA,Bentleybury
VEND01094,Willis Ltd Suppliers,HU,Taylorbury
VEND01095,Salazar-Perez Suppliers,LR,East Sheena
VEND01096,"Mendoza, Silva and Hall Suppliers",SL,East Marcia
VEND01097,Boyd Ltd Suppliers,US,Kristaland
VEND01098,"Bell, Lopez and Smith Suppliers",SB,West Trevorville
VEND01099,"Hartman, Hill and Johnson Suppliers",ZW,Gutierrezburgh
VEND01100,Walker-Boyd Suppliers,TN,Loveville
VEND01101,King LLC Suppliers,PT,Shaneborough
VEND01102,"Garner, Stone and Schmidt Suppliers",GN,Michaelside
VEND01103,"Wallace, Thomas and Carr Suppliers",GA,West Thomas
VEND01104,Munoz Group Suppliers,TO,Heatherborough
VEND01105,"Nixon, Schaefer and Sims Suppliers",KE,Kylechester
VEND01106,"Arroyo, Evans and Henderson Suppliers",GW,West Joshuaview
VEND01107,"Allen, Carey and Gutierrez Suppliers",BB,Wallshaven
VEND01108,"Hill, Stafford and Davis Suppliers",CV,New Tanyaside
VEND01109,Griffin-Bentley Suppliers,PH,Port Roberto
VEND01110,Sloan-Edwards Suppliers,JO,Jenniferborough
VEND01111,Whitaker and Sons Suppliers,BY,West Thomasview
VEND01112,Norris-Ward Suppliers,CN,Traciside
VEND01113,Gonzalez Group Suppliers,UZ,Julieside
VEND01114,Brown Group Suppliers,VC,Kellyborough
VEND01115,Patterson-Robinson Suppliers,EE,West Georgeview
VEND01116,"Robles, Gonzalez and Martin Suppliers",PG,Johnsonchester
VEND01117,Baker-Perez Suppliers,PK,Irwinfort
VEND01118,Andrade Ltd Suppliers,KP,Watkinshaven
VEND01119,Lawson-Hall Suppliers,UG,Brandonview
VEND01120,Dominguez LLC Suppliers,PH,Samuelhaven
VEND01121,"Cole, Martinez and Mcclain Suppliers",LR,Lake Rebeccamouth
VEND01122,"Taylor, Pennington and Fields Suppliers",TZ,Brownfort
VEND01123,Thomas-Jenkins Suppliers,AU,East Joseph
VEND01124,Johnson-Foster Suppliers,MH,Johnport
VEND01125,Buck PLC Suppliers,VC,East Mary
VEND01126,Harris-Harrington Suppliers,CA,Johnfurt
VEND01127,Park-Flores Suppliers,PW,North Donnahaven
VEND01128,Schmidt LLC Suppliers,SZ,East Amybury
VEND01129,Hernandez Inc Suppliers,ET,East Summerside
VEND01130,"Skinner, Jenkins and Maynard Suppliers",KN,New Dennis
VEND01131,Navarro-Wells Suppliers,GD,Bakerhaven
VEND01132,"Gibson, Barker and Thomas Suppliers",SC,Adamburgh
VEND01133,Sparks Inc Suppliers,BT,Port Katie
VEND01134,"Mills, Zamora and Sosa Suppliers",MT,Lake Daniel
VEND01135,"Allen, Gonzalez and Landry Suppliers",VE,East Lawrencemouth
VEND01136,Smith and Sons Suppliers,BR,New Walterport
VEND01137,Cooper and Sons Suppliers,MH,North Philip
VEND01138,"Love, Moore and Francis Suppliers",EC,Beckerfort
VEND01139,Nunez-Hunt Suppliers,BT,New Anthonybury
VEND01140,Smith PLC Suppliers,CV,West Amyville
VEND01141,"Poole, Carroll and Morris Suppliers",RU,Montoyamouth
VEND01142,Kelley-Kennedy Suppliers,BG,Knightland
VEND01143,"Doyle, Patton and Garner Suppliers",VE,Lake Amy
VEND01144,Orr-Lewis Suppliers,RW,Heatherview
VEND01145,Johnson PLC Suppliers,CA,Mitchellberg
VEND01146,Monroe-Bernard Suppliers,MH,Estesstad
VEND01147,"Jones, Delgado and Young Suppliers",WS,North Justin
VEND01148,Bright and Sons Suppliers,AT,Kevinborough
VEND01149,Watson PLC Suppliers,CL,North Joshuamouth
VEND01150,Ford LLC Suppliers,BY,East Tamara
VEND01151,Gill Ltd Suppliers,BF,South Scott
VEND01152,"Brown, Harris and Waller Suppliers",CU,Rivaston
VEND01153,Tyler-Moore Suppliers,DO,Scottland
VEND01154,"Adams, Perez and Robertson Suppliers",GD,Rodriguezmouth
VEND01155,Turner Ltd Suppliers,SD,Hardyfurt
VEND01156,Morgan-Baxter Suppliers,VN,Darrenburgh
VEND01157,Harper and Sons Suppliers,MR,Adrianshire
VEND01158,Torres PLC Suppliers,BG,Port Elizabethbury
VEND01159,Manning and Sons Suppliers,NE,Christopherborough
VEND01160,White-Rodriguez Suppliers,CI,East Deborahhaven
VEND01161,Barrera LLC Suppliers,TL,Colemanton
VEND01162,Palmer-Guzman Suppliers,KE,Wellsmouth
VEND01163,"Hancock, Johnson and Smith Suppliers",FI,East Jonathan
VEND01164,Decker-Brewer Suppliers,WS,Lake Kathybury
VEND01165,Wells and Sons Suppliers,SZ,Baileystad
VEND01166,Wood-Robinson Suppliers,AR,North Jerome
VEND01167,Robinson and Sons Suppliers,CR,South Taylor
VEND01168,Palmer LLC Suppliers,TD,Waltersside
VEND01169,"Stevens, Contreras and Massey Suppliers",MU,Amyborough
VEND01170,Phelps Ltd Suppliers,VC,Elizabethborough
VEND01171,Coleman Inc Suppliers,CD,Nicolebury
VEND01172,Burke and Sons Suppliers,ZA,Port Lindaside
VEND01173,Becker LLC Suppliers,TM,Zacharyfort
VEND01174,Hines Ltd Suppliers,JP,East Michaelburgh
VEND01175,"Jones, Montgomery and Peters Suppliers",MT,Davidfurt
VEND01176,"Gibbs, Combs and Hines Suppliers",HR,East Kellymouth
VEND01177,Davenport-Austin Suppliers,US,South Lee
VEND01178,Smith Ltd Suppliers,KE,West Joseph
VEND01179,Morales Ltd Suppliers,BJ,Rachelmouth
VEND01180,Watkins-Hall Suppliers,DK,Jakefurt
VEND01181,Barker-Chavez Suppliers,ZM,North Jessicachester
VEND01182,Wilson Group Suppliers,DE,Port Joshua
VEND01183,Hernandez Group Suppliers,KN,New Heather
VEND01184,Price PLC Suppliers,HU,New Tiffany
VEND01185,"Cooper, Morris and Lewis Suppliers",CI,Dawnfort
VEND01186,"Mejia, Horton and Wilcox Suppliers",MN,Mahoneyview
VEND01187,Herrera-Burton Suppliers,NO,New Teresaview
VEND01188,"Johns, Turner and Castillo Suppliers",TL,South Amberstad
VEND01189,"Kelly, Aguilar and Sanford Suppliers",LB,Douglasside
VEND01190,Day-Jones Suppliers,HT,New Tyler
VEND01191,"Ford, Keller and Ballard Suppliers",BB,East Lance
VEND01192,Gamble PLC Suppliers,KH,Theresaview
VEND01193,Smith-Bailey Suppliers,JO,Port Tiffany
VEND01194,"Shaffer, Copeland and Rich Suppliers",SK,North Lawrence
VEND01195,"Espinoza, Gomez and Porter Suppliers",ZM,Lake Michaelfurt
VEND01196,"Johnson, Lawrence and Pham Suppliers",FR,New Anthonyview
VEND01197,Stewart Ltd Suppliers,US,New Elizabethhaven
VEND01198,Jackson-Gonzalez Suppliers,GQ,Derrickland
VEND01199,"Tucker, Hood and Pierce Suppliers",AM,South Jordanview
VEND01200,Bailey-Park Suppliers,GH,Adkinsville
VEND01201,Ross-Kelly Suppliers,UG,Williamstown
VEND01202,Noble Ltd Suppliers,UZ,Carterton
VEND01203,"Davis, Haynes and Williams Suppliers",BH,East Hunter
VEND01204,"Smith, Hodges and Foster Suppliers",CD,Wongland
VEND01205,Lee-Wolf Suppliers,BY,Katherinebury
VEND01206,"Schneider, Mccarthy and Hernandez Suppliers",CD,Haasfurt
VEND01207,"Wilkerson, Johnson and Smith Suppliers",LS,South Jamesburgh
VEND01208,Ellison-Larson Suppliers,SM,Justinton
VEND01209,"Ramirez, Davis and Owens Suppliers",PA,Myersmouth
VEND01210,"Moss, Lin and Sanchez Suppliers",VE,New Tylerton
VEND01211,Jackson-Harris Suppliers,HU,South Nicholasmouth
VEND01212,Thompson-Woods Suppliers,PK,Ramoschester
VEND01213,"Yang, Morrison and Le Suppliers",GD,Port Brookebury
VEND01214,Moreno Group Suppliers,CL,Victormouth
VEND01215,"Cobb, Mckee and Dean Suppliers",GQ,South Elizabeth
VEND01216,Johnson-Snyder Suppliers,LR,Bryanstad
VEND01217,Lawson-Huffman Suppliers,VC,Lawrenceville
VEND01218,"Chavez, Jordan and Lambert Suppliers",BZ,Jodyburgh
VEND01219,Vaughn-Carlson Suppliers,CU,Huynhhaven
VEND01220,Gonzales-Carpenter Suppliers,SB,Ortizmouth
VEND01221,"Johnson, Clark and Briggs Suppliers",EE,Lake Kennethburgh
VEND01222,Miller Group Suppliers,KR,Lisaton
VEND01223,Howard-Wilkins Suppliers,GH,East Zacharychester
VEND01224,Ali-Ayers Suppliers,IS,East Kim
VEND01225,Turner Ltd Suppliers,SC,Lake Chelseahaven
VEND01226,Jensen Group Suppliers,PH,Lake Morgan
VEND01227,Ritter and Sons Suppliers,MC,West Mark
VEND01228,"Park, Taylor and Robinson Suppliers",GW,Lake Jamesstad
VEND01229,"Gutierrez, Meyer and Gordon Suppliers",CI,North Jonathan
VEND01230,Hill-Daniels Suppliers,JM,Johntown
VEND01231,Vang-Brown Suppliers,BJ,West Rubenberg
VEND01232,Foster-Hogan Suppliers,JO,Elizabethchester
VEND01233,Peterson-Prince Suppliers,GE,Sotoshire
VEND01234,Ellison and Sons Suppliers,EG,Taylorport
VEND01235,Tyler-Bean Suppliers,TV,Soniaview
VEND01236,Mays and Sons Suppliers,TV,Port Gloriaburgh
VEND01237,Medina Group Suppliers,PL,East Erichaven
VEND01238,Mata Inc Suppliers,CD,Lake Gregory
VEND01239,Phelps Inc Suppliers,TN,Toddbury
VEND01240,Deleon and Sons Suppliers,UG,Williammouth
VEND01241,Ross-Davis Suppliers,CH,South Michaelview
VEND01242,Edwards-Williams Suppliers,LK,West Aarontown
VEND01243,"Cruz, Roberson and Landry Suppliers",MD,Port Bailey
VEND01244,Harris LLC Suppliers,BR,Richardborough
VEND01245,Valencia and Sons Suppliers,VN,Cruzstad
VEND01246,"Palmer, Phelps and Daniels Suppliers",CL,North Kennethfort
VEND01247,"Blackwell, Strong and Conrad Suppliers",GE,Hannahborough
VEND01248,"Gibbs, Whitaker and Stephens Suppliers",TG,Port Josephborough
VEND01249,"Williams, Klein and Kelley Suppliers",NZ,Kimberlyfort
VEND01250,Nguyen-Webb Suppliers,LY,Edwardsmouth
VEND01251,Rodgers-Brown Suppliers,BI,Suttonhaven
VEND01252,Fox-Jones Suppliers,ID,Brownview
VEND01253,Mckay-White Suppliers,PA,South Phyllis
VEND01254,"Walker, Smith and Anderson Suppliers",NR,East Ronald
VEND01255,Day LLC Suppliers,BJ,Jamesmouth
VEND01256,"Adams, Edwards and Harris Suppliers",LT,South Phillipberg
VEND01257,"Larsen, Matthews and Owens Suppliers",VU,Evansport
VEND01258,Young Group Suppliers,ES,North Michael
VEND01259,"Franklin, Mccann and Hanson Suppliers",UY,North Brenda
VEND01260,Johnson and Sons Suppliers,GN,Johnsonchester
VEND01261,Morgan-Mckinney Suppliers,YE,Joneschester
VEND01262,Harvey-Donaldson Suppliers,SO,South Jon
VEND01263,"Evans, Hernandez and Galvan Suppliers",KE,Natalieport
VEND01264,Villegas Group Suppliers,CM,East Jill
VEND01265,Collins-Duncan Suppliers,SK,Dustinland
VEND01266,"Buchanan, Davis and Valdez Suppliers",AT,South Kevin
VEND01267,"Wiley, Gutierrez and Fisher Suppliers",SE,North Connorville
VEND01268,"Park, Smith and Carter Suppliers",BO,North Thomasfurt
VEND01269,Barton-Reynolds Suppliers,MT,North Alexandrafort
VEND01270,White-Jones Suppliers,RW,North Conniechester
VEND01271,Reid Group Suppliers,RS,North Alexandra
VEND01272,Steele-Robinson Suppliers,PA,North Johnfurt
VEND01273,Vasquez-Duarte Suppliers,FM,South Vincent
VEND01274,Dickerson-Ramirez Suppliers,MV,Stephanieside
VEND01275,Moore Inc Suppliers,SM,Brownmouth
VEND01276,"Mullen, Jimenez and Morales Suppliers",PY,Michaelmouth
VEND01277,Sanders Inc Suppliers,TD,Williammouth
VEND01278,Moss-Jones Suppliers,MR,Judychester
VEND01279,"Gregory, Macdonald and Novak Suppliers",ET,Port Steven
VEND01280,Frazier-Vazquez Suppliers,JM,Lake Cynthia
VEND01281,Walker Group Suppliers,PG,West Mark
VEND01282,Potter and Sons Suppliers,CH,Kathystad
VEND01283,"Walker, James and Wright Suppliers",KI,West Kimberlyfurt
VEND01284,"Garza, Kennedy and Torres Suppliers",UY,Jeffreyburgh
VEND01285,Wells Group Suppliers,AU,Curtisbury
VEND01286,Lopez Ltd Suppliers,GE,East Melaniehaven
VEND01287,"Hancock, Ferguson and Hernandez Suppliers",JP,Johnsonburgh
VEND01288,Stafford Group Suppliers,BT,New Timothymouth
VEND01289,Chapman Inc Suppliers,VA,Lindamouth
VEND01290,"Christensen, Martinez and Gonzales Suppliers",TT,Port Tony
VEND01291,Boyd-Sims Suppliers,VN,South Danielside
VEND01292,"Pittman, Dunn and Charles Suppliers",FI,Lake Tina
VEND01293,"Payne, Phillips and Delacruz Suppliers",GN,Lake Dana
VEND01294,Roman-Perez Suppliers,ZW,Glennmouth
VEND01295,"Andrews, Hahn and Smith Suppliers",MZ,New Emilyland
VEND01296,Wagner-Hunt Suppliers,CO,New Jeanmouth
VEND01297,Sims-Chavez Suppliers,VE,Smithshire
VEND01298,"Spence, Smith and Adkins Suppliers",NR,South Tonyaland
VEND01299,Perry-Stephens Suppliers,UG,Port Abigailburgh
VEND01300,King Inc Suppliers,RS,Wilsonside
VEND01301,Allen Ltd Suppliers,NZ,Scottburgh
VEND01302,Johnson Group Suppliers,SR,Sullivanview
VEND01303,Rogers and Sons Suppliers,IT,Port Christina
VEND01304,"Drake, Anderson and Powell Suppliers",SL,Hansenland
VEND01305,Robinson-Brown Suppliers,BN,Jennifershire
VEND01306,Romero-Spencer Suppliers,LR,Spencemouth
VEND01307,Washington and Sons Suppliers,HT,Sandersburgh
VEND01308,Christensen PLC Suppliers,GW,Meyermouth
VEND01309,Parrish PLC Suppliers,BG,Paigemouth
VEND01310,Evans and Sons Suppliers,AZ,Bakerburgh
VEND01311,"Guerra, Jackson and Guerrero Suppliers",GD,North Leetown
VEND01312,"Levine, Perez and Winters Suppliers",PK,Kimstad
VEND01313,Hartman-Glenn Suppliers,PA,Gillborough
VEND01314,"Gibson, Noble and Macdonald Suppliers",LR,Port Allenbury
VEND01315,Burke Inc Suppliers,SL,Port Tammy
VEND01316,Bennett-Oneill Suppliers,HR,East Brandonburgh
VEND01317,Novak-Palmer Suppliers,AT,North Jessicastad
VEND01318,Gould Ltd Suppliers,SI,Port Victoriamouth
VEND01319,Weeks LLC Suppliers,NO,Port Jessicatown
VEND01320,Owens-Mcguire Suppliers,SO,Thomasburgh
VEND01321,Kennedy-Harris Suppliers,UZ,North Dan
VEND01322,"Turner, Johnson and Peterson Suppliers",LR,Graceside
VEND01323,Carroll-Long Suppliers,TH,Ryanland
VEND01324,Oliver-Ramirez Suppliers,LU,Wilsonview
VEND01325,"Bass, Combs and Weiss Suppliers",SB,Lake Douglasbury
VEND01326,"Simpson, Miller and Rice Suppliers",EG,Clarkchester
VEND01327,Fletcher PLC Suppliers,NA,Cobbland
VEND01328,Alexander-Bell Suppliers,KR,Derrickmouth
VEND01329,"Jacobs, Williams and Kelley Suppliers",SB,East Michaeltown
VEND01330,Gonzalez-Martinez Suppliers,KH,Victorhaven
VEND01331,"Ford, Lopez and Walton Suppliers",HN,Port Henry
VEND01332,Rios Ltd Suppliers,IS,Port Thomastown
VEND01333,Kennedy Group Suppliers,BY,East Davidtown
VEND01334,Castro and Sons Suppliers,TV,New Elizabethfurt
VEND01335,James-Williams Suppliers,KP,Carpenterfort
VEND01336,Davis-Parker Suppliers,SE,Isaacside
VEND01337,Bradford Ltd Suppliers,SG,North Rickystad
VEND01338,Walker Inc Suppliers,TN,Hunterbury
VEND01339,Brown-Carrillo Suppliers,BF,New Sarahburgh
VEND01340,King Inc Suppliers,GM,Martineztown
VEND01341,"Tran, Parker and Wilson Suppliers",TD,Potterfurt
VEND01342,Cook-Jones Suppliers,GM,New Jonathan
VEND01343,Chavez Group Suppliers,RS,Lucasville
VEND01344,Poole-Durham Suppliers,DM,Russellborough
VEND01345,Shah-Harris Suppliers,AZ,Lake Adamton
VEND01346,Banks-Gilmore Suppliers,DM,North Jenniferbury
VEND01347,"Drake, Reynolds and Dominguez Suppliers",MA,Wadefurt
VEND01348,Mason-Graham Suppliers,UG,Steelehaven
VEND01349,Mcmahon Group Suppliers,CZ,Connieside
VEND01350,"Santos, Perez and Mckee Suppliers",FJ,North Emily
VEND01351,Hunter-Singh Suppliers,AE,Barrymouth
VEND01352,Davidson Ltd Suppliers,GH,Lake Christopher
VEND01353,"Chavez, Morgan and Taylor Suppliers",SI,West Gabriela
VEND01354,"Shepherd, Sullivan and Strong Suppliers",VU,West Mario
VEND01355,Cruz-Davila Suppliers,VA,East Katherine
VEND01356,Chan-Fuentes Suppliers,HN,Jeromeport
VEND01357,Hamilton and Sons Suppliers,FJ,East Kennethport
VEND01358,"Daniels, Collins and Rogers Suppliers",MR,Brooketown
VEND01359,Alvarado PLC Suppliers,LT,Beverlyburgh
VEND01360,Peck-Peters Suppliers,KP,Reidchester
VEND01361,Robinson PLC Suppliers,NR,Port Dorothyborough
VEND01362,Davis-Barnes Suppliers,BD,Gouldtown
VEND01363,"Taylor, Clark and Martinez Suppliers",SM,Pattersonland
VEND01364,"Lewis, Swanson and Cisneros Suppliers",PG,South Richard
VEND01365,Cruz-Wallace Suppliers,MU,Elizabethfort
VEND01366,"Shepherd, Rose and Faulkner Suppliers",GN,East Robinville
VEND01367,"Weaver, Davis and Reynolds Suppliers",BR,Sparksfort
VEND01368,Armstrong Ltd Suppliers,KI,Turnerport
VEND01369,"Nash, Gonzalez and Flores Suppliers",BF,East Heatherstad
VEND01370,"Johnson, Campbell and Vargas Suppliers",ML,Frankland
VEND01371,Little-Martinez Suppliers,CV,East Brian
VEND01372,"Bryant, Fleming and Jenkins Suppliers",EC,Fieldsfurt
VEND01373,Barton-King Suppliers,IQ,Rodriguezport
VEND01374,Lee-Brooks Suppliers,BG,Williamsborough
VEND01375,"Odom, Rodriguez and Hatfield Suppliers",AG,Lawsonfort
VEND01376,Barr-Sanchez Suppliers,SK,Port Melinda
VEND01377,Bennett Ltd Suppliers,GR,Lake Karenside
VEND01378,"Moore, Martinez and Vincent Suppliers",OM,Breannabury
VEND01379,Hopkins-Stewart Suppliers,TV,Parkerberg
VEND01380,Jones Ltd Suppliers,SV,Erinshire
VEND01381,Graham-Valenzuela Suppliers,CG,Port Vicki
VEND01382,Gilbert-Mccormick Suppliers,IE,Mistyville
VEND01383,Phillips-Bailey Suppliers,GD,Ericborough
VEND01384,"Raymond, Lopez and Pierce Suppliers",ID,Stephaniechester
VEND01385,Reid-Valentine Suppliers,CZ,Port Laurie
VEND01386,Taylor-Davila Suppliers,TT,Simpsonville
VEND01387,West and Sons Suppliers,SG,Martinstad
VEND01388,Gonzalez-Wilson Suppliers,GM,Larsonhaven
VEND01389,Crawford Group Suppliers,CH,New Jessica
VEND01390,Pineda-Dyer Suppliers,SG,Sherylchester
VEND01391,"Woods, Alexander and Sanchez Suppliers",ZM,New Thomasside
VEND01392,Miles-Cisneros Suppliers,ZA,Port Donna
VEND01393,Brown and Sons Suppliers,BH,North Rebeccabury
VEND01394,"Franco, Lawrence and Guerrero Suppliers",VA,West John
VEND01395,Jones-Mendez Suppliers,LR,Raymondton
VEND01396,"Johnson, Wilkinson and Wagner Suppliers",KR,Lutzfort
VEND01397,Lee LLC Suppliers,KW,New Rebekahside
VEND01398,"Brown, Howard and Martin Suppliers",GH,Dorothyberg
VEND01399,Davis Ltd Suppliers,NE,Port Wendy
VEND01400,Moore LLC Suppliers,YE,Adamport
VEND01401,"Horn, Perez and Hayes Suppliers",ZM,North Matthewhaven
VEND01402,"Myers, Myers and Guzman Suppliers",GR,Carterville
VEND01403,Wright-Buckley Suppliers,MR,Johnsonville
VEND01404,"Stewart, Whitaker and Romero Suppliers",BD,Lake John
VEND01405,Copeland-Horn Suppliers,CZ,Clarktown
VEND01406,Thomas-Johnson Suppliers,TD,Chenland
VEND01407,"Hayden, Silva and Williams Suppliers",LB,Donnaport
VEND01408,"Martin, Duffy and Durham Suppliers",AE,Lake Trevor
VEND01409,Schroeder Inc Suppliers,SZ,New Regina
VEND01410,Johns and Sons Suppliers,SN,New Leonard
VEND01411,"Grimes, Franklin and Mitchell Suppliers",CI,Lake Stevenview
VEND01412,Ramirez-Andrews Suppliers,CO,East Margaret
VEND01413,Jordan and Sons Suppliers,PE,North Joshua
VEND01414,Nichols Group Suppliers,BO,Alvarezshire
VEND01415,Roberts-Fernandez Suppliers,GB,West Veronica
VEND01416,Parker Inc Suppliers,IR,South Jenniferburgh
VEND01417,Bradford LLC Suppliers,OM,East Martinland
VEND01418,Carr-Phillips Suppliers,TH,West Kelliberg
VEND01419,Bryant-Bowman Suppliers,TW,Bowershaven
VEND01420,"Baldwin, Walker and Monroe Suppliers",GA,North Jennystad
VEND01421,Dunn-Moon Suppliers,KW,Lake Stephanie
VEND01422,Mahoney-Lee Suppliers,OM,East Stephaniemouth
VEND01423,Pearson and Sons Suppliers,TG,Juliaton
VEND01424,Downs PLC Suppliers,NA,New Teresa
VEND01425,Martin-Tran Suppliers,SM,East Lauren
VEND01426,Gray Ltd Suppliers,GM,East Kirsten
VEND01427,"Oconnor, Wells and Jensen Suppliers",BO,Meghanhaven
VEND01428,"Key, Anderson and Wilson Suppliers",FI,Merrittside
VEND01429,"Hernandez, Edwards and Jones Suppliers",SM,Hoffmanshire
VEND01430,Clark Group Suppliers,LS,Haneyview
VEND01431,Barber Group Suppliers,BA,South Franciscoton
VEND01432,"Zamora, Bryan and Sullivan Suppliers",NA,Johnsonstad
VEND01433,Palmer-Mcdowell Suppliers,GE,South Annahaven
VEND01434,"Brown, Bailey and Smith Suppliers",AM,Carolmouth
VEND01435,Wood-Mendoza Suppliers,MZ,Cummingschester
VEND01436,Johnson-Lyons Suppliers,MD,Port Tamaraton
VEND01437,Smith Inc Suppliers,HT,Port Alice
VEND01438,Ashley Inc Suppliers,SR,Franciscoport
VEND01439,Gomez-Woods Suppliers,LV,Port Keithview
VEND01440,King-Taylor Suppliers,PK,Leeborough
VEND01441,Davis-Evans Suppliers,KP,New Michaelstad
VEND01442,"Hayes, Lara and Watkins Suppliers",KZ,Keithmouth
VEND01443,"Martin, Williams and Harris Suppliers",UZ,Matthewstad
VEND01444,Burton Group Suppliers,AZ,Millerberg
VEND01445,Mcclain PLC Suppliers,NI,Longhaven
VEND01446,Carpenter-Richardson Suppliers,WS,Stacyborough
VEND01447,Lewis-Carter Suppliers,BA,North Crystal
VEND01448,Bryan Ltd Suppliers,CM,New Marie
VEND01449,Myers-Walter Suppliers,GR,Millershire
VEND01450,"Lang, Oneal and Moore Suppliers",BB,West Austinfort
VEND01451,Schultz-Walker Suppliers,LR,Lake John
VEND01452,Cox-Hurst Suppliers,GW,Port Justinbury
VEND01453,"Norton, Fleming and Long Suppliers",OM,West Erika
VEND01454,Roberts-Obrien Suppliers,GD,Lukeborough
VEND01455,Ford LLC Suppliers,BH,Austinmouth
VEND01456,Rivera-Schmidt Suppliers,BO,Nicholsfort
VEND01457,"Elliott, Mata and Ray Suppliers",GE,Victoriamouth
VEND01458,"Banks, Rangel and Delacruz Suppliers",TV,New Dennis
VEND01459,Carter Inc Suppliers,MC,Lake Joseview
VEND01460,Hernandez PLC Suppliers,GT,Elliottfurt
VEND01461,"Moore, Smith and Page Suppliers",LA,Priceton
VEND01462,Kelly-Ferguson Suppliers,BE,Reneestad
VEND01463,Payne-Hall Suppliers,UZ,Stephaniehaven
VEND01464,Holland-Kidd Suppliers,PW,Haydenfort
VEND01465,Chambers PLC Suppliers,BO,South Roger
VEND01466,Evans-Levine Suppliers,TG,East Ryan
VEND01467,"Curtis, Espinoza and Garcia Suppliers",YE,East Marioland
VEND01468,"Wilson, Jones and Miller Suppliers",LS,Port Frank
VEND01469,"Flores, Reed and Conway Suppliers",GR,North Miranda
VEND01470,"Levy, Richardson and Lee Suppliers",IE,Lake April
VEND01471,Hicks Inc Suppliers,PY,West Tammieberg
VEND01472,Miller PLC Suppliers,AR,Port Chloefort
VEND01473,Larson PLC Suppliers,SD,East Erik
VEND01474,"Williams, Porter and Salazar Suppliers",DJ,Christopherville
VEND01475,"Jennings, Marshall and Woods Suppliers",GM,Byrdland
VEND01476,Conley-Chang Suppliers,IS,Lake Steven
VEND01477,"Kelley, Williams and Simon Suppliers",IT,South Jeffreyburgh
VEND01478,"Martinez, Martin and Cohen Suppliers",MH,Lake Meagan
VEND01479,Johnson LLC Suppliers,CF,Matthewville
VEND01480,Stone LLC Suppliers,DZ,Lisastad
VEND01481,Burnett Ltd Suppliers,GD,Meyerville
VEND01482,Delacruz LLC Suppliers,PW,Patrickmouth
VEND01483,"Castillo, Payne and Pacheco Suppliers",FI,Branchview
VEND01484,Schultz-Mitchell Suppliers,SO,South Mariah
VEND01485,Taylor-Walsh Suppliers,BS,Smithstad
VEND01486,Ruiz Group Suppliers,TD,East Jill
VEND01487,"Harrell, Webb and Hensley Suppliers",BR,Lake Lindsay
VEND01488,Gonzalez LLC Suppliers,DK,South Steven
VEND01489,Lopez Ltd Suppliers,JO,East Michael
VEND01490,Parrish Inc Suppliers,SY,Port Lindsayberg
VEND01491,Moore-Navarro Suppliers,BR,Danielland
VEND01492,Copeland LLC Suppliers,BG,Mikemouth
VEND01493,"Mitchell, Prince and Evans Suppliers",DO,West Monica
VEND01494,Rodriguez Inc Suppliers,SB,North Chaseport
VEND01495,Carter-Jones Suppliers,MW,Lake Jessicaberg
VEND01496,Collins and Sons Suppliers,NZ,Port Scott
VEND01497,"Rodriguez, Wright and Haney Suppliers",PT,West Robertmouth
VEND01498,"Osborne, Blackburn and Stephenson Suppliers",HU,Matthewstad
VEND01499,"Collins, Salazar and Bishop Suppliers",LR,North Matthewside
VEND01500,Holmes-Wilson Suppliers,QA,Jamesburgh
